Artist,Song
Bing Crosby,White Christmas
Bill Haley & his Comets,Rock Around the Clock
Celine Dion,My Heart Will Go On
Sinead O'Connor,Nothing Compares 2 U
The Beatles,Hey Jude
Bryan Adams,(Everything I Do) I Do it For You
Whitney Houston,I Will Always Love You
Pink Floyd,Another Brick in the Wall (part 2)
Irene Cara,Flashdance... What a Feeling
Elton John,Candle in the Wind '97
The Rolling Stones,(I Can't Get No) Satisfaction
Coolio,Gangsta's Paradise
Eminem,Lose Yourself
Cher,Believe
Usher,Yeah!
The Beatles,Let it Be
Procol Harum,A Whiter Shade of Pale
Bee Gees,Stayin' Alive
Leona Lewis,Bleeding Love
The Police,Every Breath You Take
Kim Carnes,Bette Davis Eyes
Rihanna & Jay-Z,Umbrella
George Harrison,My Sweet Lord
Abba,Dancing Queen
P Diddy & Faith Evans,I'll Be Missing You
Britney Spears,Baby One More Time
The Beatles,I Want to Hold Your Hand
Michael Jackson,Billie Jean
Bobby Darin,Mack the Knife
John Travolta & Olivia Newton-John,You're the One That I Want
USA For Africa,We Are the World
Hanson,Mmmbop
Madonna,Vogue
Spice Girls,Wannabe
Roy Orbison,"Oh, Pretty Woman"
Eminem,Without Me
The Village People,YMCA
Stevie Wonder,I Just Called to Say I Love You
George Michael,Careless Whisper
John Lennon,Imagine
Survivor,Eye of the Tiger
Los Del Rio,Macarena
Elvis Presley,Are You Lonesome Tonight?
UB40,Can't Help Falling in Love
OutKast,Hey Ya!
Queen,Bohemian Rhapsody
Barbra Streisand,A Woman in Love
Katy Perry,I Kissed A Girl
Judy Garland,Over the Rainbow
Elvis Presley,It's Now Or Never
No Doubt,Don't Speak
Shakira & Wyclef Jean,Hips don't lie
50 Cent,In Da Club
Kylie Minogue,Can't Get You Out of My Head
The Black Eyed Peas,Where is the Love?
The Rolling Stones,Angie
Mungo Jerry,In the Summertime
Vaughn Monroe,(Ghost) Riders in the Sky
Lady GaGa,Poker Face
Ace of Base,The Sign
Carl Douglas,Kung Fu Fighting
Justin Timberlake,Sexyback
Madonna,Hung Up
Elvis Presley,Jailhouse Rock
The Beatles,Help!
Joan Jett & The Blackhearts,I Love Rock 'n' Roll
Ricky Martin,Livin' La Vida Loca
The Monkees,I'm a Believer
Shakira,"Whenever, Wherever"
Rihanna & Calvin Harris,We Found Love
Frank Sinatra,Strangers in the Night
Bruce Springsteen,Streets of Philadelphia
The Righteous Brothers,Unchained Melody
All-4-One,I Swear
Glenn Miller,In the Mood
Lou Bega,Mambo No 5 (A Little Bit of ...)
Doris Day,Que sera sera (Whatever will be will be)
Flo-Rida & T-Pain,Low
Nat King Cole,Mona Lisa
Terry Jacks,Seasons in the Sun
Culture Club,Karma Chameleon
Aerosmith,I Don't Want to Miss a Thing
Blondie,Heart of Glass
Boyz II Men,End of the Road
The Fugees,Killing Me Softly With His Song
Tony Orlando & Dawn,Tie a Yellow Ribbon 'round the Old Oak Tree
Fergie,Big Girls Don't Cry
Shocking Blue,Venus
Eagles,Hotel California
Bing Crosby,Swinging On a Star
The Beatles,All You Need is Love
Chubby Checker,The Twist
Nelly & Kelly Rowland,Dilemma
The Beatles,She Loves You
Beyonce,Crazy in Love
The Black Eyed Peas,I Gotta Feeling
John Lennon,(Just Like) Starting Over
Culture Club,Do You Really Want to Hurt Me?
Brandy & Monica,The Boy is Mine
Madonna,Like a Prayer
Sean Kingston,Beautiful Girls
Prince,When Doves Cry
The Beatles,Yesterday
The Pussycat Dolls,Don't Cha
Bee Gees,Night Fever
Diana Ross,Upside Down
Madonna,Music
Nickelback,How You Remind Me
Archies,Sugar Sugar
"Christina Aguilera, Lil' Kim, Mya & Pink",Lady Marmalade (Voulez-Vous Coucher Aver Moi Ce Soir?)
A-Ha,Take On Me
Las Ketchup,The Ketchup Song (Asereje)
The Beatles,Get Back
Rob Thomas & Santana,Smooth
Snow,Informer
Timbaland & OneRepublic,Apologize
t.A.T.u.,All the Things She Said
Take That,Back For Good
The Beatles,"Hello, Goodbye"
Chicago,If You Leave Me Now
Aqua,Barbie Girl
Gnarls Barkley,Crazy
Blondie,Call Me
Whitney Houston,I Wanna Dance With Somebody (Who Loves Me)
Elton John & Kiki Dee,Don't Go Breaking My Heart
Ace of Base,All That She Wants
Boney M,Rivers of Babylon
Michael Jackson,Black Or White
Simon & Garfunkel,Bridge Over Troubled Water
Chic,Le Freak
TLC,No Scrubs
Nancy Sinatra,These Boots Are Made For Walking
Ray Charles,I Can't Stop Loving You
Meat Loaf,I'd Do Anything For Love (But I Won't Do That)
Chubby Checker,Let's Twist Again
Percy Faith,Theme From 'A Summer Place'
LMFAO,Party Rock Anthem
James Blunt,You're Beautiful
Don McLean,American Pie
Ben E King,Stand By Me
"Bryan Adams, Rod Stewart & Sting",All For Love
Pink,So What
Phil Collins,Another Day in Paradise
Paul McCartney & Stevie Wonder,Ebony & Ivory
Lady GaGa & Colby O'Donis,Just Dance
Eiffel 65,Blue (Da Ba Dee)
Petula Clark,Downtown
Michael Jackson,Beat It
The Human League,Don't You Want Me
Rick Astley,Never Gonna Give You Up
Londonbeat,I've Been Thinking About You
The Kingston Trio,Tom Dooley
Bing Crosby & The Andrews Sisters,Don't Fence Me In
Berlin,Take My Breath Away
Beyonce,Irreplaceable
Nirvana,Smells Like Teen Spirit
U2,Beautiful Day
Dinah Shore,Buttons & Bows
Avril Lavigne,Girlfriend
George McCrae,Rock Your Baby
Gloria Gaynor,I Will Survive
Mariah Carey,Without You
Abba,Waterloo
Les Paul & Mary Ford,Vaya Con Dios (may God Be With You)
Vanilla Ice,Ice Ice Baby
Anton Karas,Third Man Theme
Abba,Fernando
R Kelly,I Believe I Can Fly
Avril Lavigne,Complicated
The Beatles,Penny Lane
Eminem & Rihanna,Love The Way You Lie
Adele,Rolling In The Deep
Doris Day,Secret Love
Olivia Newton-John,(Let's Get) Physical
Boyz II Men,I'll Make Love to You
Madonna & Justin Timberlake,Four Minutes
Bryan Adams,Have You Ever Really Loved a Woman?
MC Hammer,U Can't Touch This
Gotye & Kimbra,Somebody That I Used to Know
Starsound,Stars On 45
Lipps Inc,Funkytown
Nat King Cole,Too Young
The Backstreet Boys,I Want it That Way
Celine Dion,Because You Loved Me
Falco,Rock Me Amadeus
Bruno Mars,Grenade
The Beach Boys,Good Vibrations
Bee Gees,(The Lights Went Out In) Massachusetts
Dionne Warwick & Friends,That's What Friends Are For
The Animals,House of the Rising Sun
Britney Spears,Toxic
Cyndi Lauper,Girls Just Wanna Have Fun
Pink,Get the Party Started
Tennessee Ernie Ford,Sixteen Tons
Mary Hopkin,Those Were the Days
The Beatles,I Feel Fine
Jo Stafford,You Belong to Me
The Beatles,Paperback Writer
Lynn Anderson,I Beg Your Pardon (I Never Promised You a Rose Garden)
Tina Turner,What's Love Got to Do With It?
Band Aid,Do They Know It's Christmas?
The Rolling Stones,Honky Tonk Woman
Mariah Carey & Boyz II Men,One Sweet Day
Roberta Flack,Killing Me Softly With His Song
Katy Perry,Hot 'n' cold
TLC,Waterfalls
Roxette,It Must Have Been Love
Bee Gees,Tragedy
The Beatles,A Hard Day's Night
Los Lobos,La Bamba
The Chordettes,Mister Sandman
Rod Stewart,Maggie May
Phil Collins,A Groovy Kind of Love
Zager & Evans,In the Year 2525 (Exordium & Terminus)
Mariah Carey,Fantasy
George Michael,Faith
Foreigner,I Want to Know What Love Is
Elvis Presley,Heartbreak Hotel
Beyonce & Shakira,Beautiful Liar
Elvis Presley,Suspicious Minds
Elton John,Crocodile Rock
Madonna,Papa Don't Preach
Toni Braxton,Un-Break My Heart
The Black Eyed Peas,Shut Up
Eric Clapton,Tears in Heaven
Carly Simon,You're So Vain
Will Smith,Men in Black
Evanescence,Bring Me to Life
Diana Ross & Lionel Richie,Endless Love
David Bowie,Let's Dance
Steve Miller Band,Abracadabra
Wet Wet Wet,Love is All Around
Akon,Lonely
Michael Jackson,You Are Not Alone
Christina Aguilera,Genie in a Bottle
Everything But The Girl,Missing
Savage Garden,Truly Madly Deeply
The Mills Brothers,Paper Doll
Bobby McFerrin,Don't Worry Be Happy
Bee Gees,How Deep is Your Love?
Alicia Keys,Fallin'
Eamon,F**k it (I Don't Want You Back)
Shaggy,Boombastic
Patti Page,Tennessee Waltz
Frankie Goes To Hollywood,Relax
Lady GaGa,Bad Romance
Elvis Presley,Hound Dog
Madonna,Frozen
Christina Aguilera,Beautiful
Chumbawamba,Tubthumping
Fats Domino,Blueberry Hill
Elvis Presley & JXL,A Little Less Conversation
Domenico Modugno,Volare
Alicia Keys,No One
Donna Summer,Hot Stuff
The Pet Shop Boys,West End Girls
The Bangles,Walk Like an Egyptian
Mariah Carey,We Belong Together
Daniel Powter,Bad Day
Four Non Blondes,What's Up?
Janet Jackson,That's the Way Love Goes
Queen,Another One Bites the Dust
Carly Rae Jepsen,Call Me Maybe
J Geils Band,Centrefold
Nelly Furtado & Timbaland,Promiscuous
Patrick Hernandez,Born to Be Alive
Culture Beat,Mr Vain
U2,With Or Without You
Rihanna,Don't Stop the Music
Seal,Kiss From a Rose
Bon Jovi,Always
Bryan Adams,Please Forgive Me
Pat Boone,Speedy Gonzales
Tears For Fears,Shout
Bonnie Tyler,Total Eclipse of the Heart
Wham!,Wake Me Up Before You Go Go
The Crew-Cuts,Sh-Boom (Life Could Be a Dream)
Green Day,Boulevard of Broken Dreams
The Beatles,Yellow Submarine
Bill Medley & Jennifer Warnes,(I've Had) the Time of My Life
Bon Jovi,Blaze of Glory
Eminem,Stan
The Platters,Smoke Gets in Your Eyes
Lionel Richie,"Say You, Say Me"
Mr Big,To Be With You
Simon & Garfunkel,The Sounds of Silence
Harry Nilsson,Without You
Men At Work,Down Under
Sheryl Crow,All I Wanna Do
Rednex,Cotton Eye Joe
The Rolling Stones,Jumpin' Jack Flash
UB40,Red Red Wine
Soft Cell,Tainted Love
LeAnn Rimes,Can't Fight the Moonlight
Shaggy & Ricardo 'RikRok' Ducent,It Wasn't Me
Teresa Brewer,(Put Another Nickel In) Music! Music! Music!
Dexys Midnight Runners,Come On Eileen
Bruno Mars,Just the Way You Are
Rocco Granata,Marina
Jennifer Lopez,If You Had My Love
David Guetta & Akon,Sexy Chick (sexy Bitch)
Britney Spears,Oops!... I Did it Again
Lady GaGa,Born This Way
N Sync,"Bye, Bye, Bye"
Donna Summer,I Feel Love
Lionel Richie,All Night Long (All Night)
Dido,White Flag
Les Brown & Doris Day,Sentimental Journey
The Byrds,Mr Tambourine Man
Gerry Rafferty,Baker Street
Jennifer Lopez & Pitbull,On The Floor
Elvis Presley,All Shook Up
The Beatles,Ticket to Ride
Natalie Imbruglia,Torn
REM,Losing My Religion
Haddaway,What is Love?
Scott McKenzie,San Francisco (Wear Some Flowers in Your Hair)
The Andrews Sisters,Rum & Coca-Cola
U2,I Still Haven't Found What I'm Looking For
Roxette,Joyride
Billy Swan,I Can Help
Robert Miles,Children
The Goo Goo Dolls,Iris
Shaggy,Angel
Nelly Furtado,Say It Right
Otis Redding,(Sittin' On) the Dock of the Bay
Sam The Sham & The Pharaohs,Wooly Bully
Elvis Presley,Don't Be Cruel
Kris Kross,Jump
Abba,SOS
OutKast,Ms Jackson
Bonnie Tyler,It's a Heartache
The Rolling Stones,Paint it Black
The Everly Brothers,Cathy's Clown
Katy Perry & Snoop Dogg,California Gurls
Maroon 5 & Christina Aguilera,Moves Like Jagger
Bee Gees,Too Much Heaven
Dick Haymes,You'll Never Know
The Beatles,Come Together
The Knack,My Sharona
Lobo,I'd Love You to Want Me
The Black Eyed Peas,Boom Boom Pow
The Monkees,Daydream Believer
Kanye West & Jamie Foxx,Gold Digger
John Lennon,Woman
Jefferson Starship,Nothing's Gonna Stop Us Now
Phil Collins,Against All Odds (Take a Look At Me Now)
Scatman John,Scatman (Ski-Ba-Bop-Ba-Dop-Bop)
The Black Eyed Peas,Don't Phunk With My Heart
Nena,99 Red Balloons
Elvis Presley,Surrender
Gene Autry,"Rudolph, the Red-Nosed Reindeer"
Oasis,Wonderwall
The Tornados,Telstar
Queen,Crazy Little Thing Called Love
Katy Perry,Firework
Rihanna,Only girl (in the world)
Paul McCartney & Michael Jackson,Say Say Say
U2,Desire
Kanye West,Stronger
The Righteous Brothers,You've Lost That Lovin' Feelin'
Michael Jackson & Janet Jackson,Scream
Elvis Presley,Return to Sender
Norman Greenbaum,Spirit in the Sky
Prince,The Most Beautiful Girl in the World
Nat King Cole,Unforgettable
Boney M,Ma Baker
Wings,Mull of Kintyre
Offspring,Pretty Fly (For a White Guy)
Madonna,Like a Virgin
The Mamas & The Papas,Monday Monday
Buddy Holly,That'll Be the Day
Gwen Stefani,Hollaback Girl
Destiny's Child,Lose My Breath
Madonna,Take a Bow
Johnnie Ray,Cry
Del Shannon,Runaway
Janet Jackson,Together Again
Paul Anka,Diana
Jerry Lee Lewis,Great Balls of Fire
Guns n' Roses,Sweet Child O' Mine
Flo-Rida & Ke$ha,Right Round
Elvis Presley,(Now & then There's) A Fool Such As I
10CC,I'm Not in Love
Anita Ward,Ring My Bell
Rod Stewart,Do Ya Think I'm Sexy?
Taio Cruz,Dynamite
Jason Mraz,I am Yours
Mario,Let Me Love You
Enigma,Sadeness
Snap,Rhythm is a Dancer
M,Pop Muzik
Alanis Morissette,Ironic
Lionel Richie,Hello
Johnny Horton,Battle of New Orleans
Bon Jovi,Livin' On a Prayer
Enrique Iglesias,Hero
The Sweet,The Ballroom Blitz
Ke$ha,Tik-Toc
Timbaland & Keri Hilson,The Way I Are
Phil Collins,In the Air Tonight
Frank Sinatra,Five Minutes More
Vanessa Carlton,A Thousand Miles
Al Jolson,Swanee
Al Martino,Here in My Heart
Kid Rock,All summer long
Van Halen,Jump
Peter Gabriel,Sledgehammer
Adele,Someone Like You
Fifth Dimension,Aquarius/Let The Sunshine In
Gordon Jenkins & The Weavers,"Goodnight, Irene"
Roxette,The Look
F R David,Words
Sixpence None The Richer,Kiss Me
Irene Cara,Fame
Tommy James & the Shondells,Crimson & Clover
Fine Young Cannibals,She Drives Me Crazy
Led Zeppelin,Whole Lotta Love
Michael Jackson,Don't Stop 'Til You Get Enough
Hot Butter,Popcorn
The Bangles,Eternal Flame
Santana,Maria Maria
Captain & Tennille,Love Will Keep Us Together
Billy Ocean,Get Outta My Dreams Get Into My Car
Perez Prado,Cherry Pink & Apple Blossom White
Ini Kamoze,Here Comes the Hotstepper
The Box Tops,The Letter
Pee Wee Hunt,12th Street Rag
Kool & The Gang,Celebration
The Platters,Only You (And You Alone)
Exile,Kiss You All Over
The Kinks,Lola
Bachman-Turner Overdrive,You Ain't Seen Nothin' Yet
All Saints,Never Ever
The Four Seasons,December 1963 (Oh What a Night)
Tears For Fears,Everybody Wants to Rule the World
Al Dexter & his Troopers,Pistol Packin' Mama
Snap,The Power
Richard Marx,Right Here Waiting
Pat Boone,Love Letters in the Sand
The Rolling Stones,Brown Sugar
Akon,Smack That
Nat King Cole,Nature Boy
Coldplay,Viva La Vida
Paul & Paula,Hey Paula
Kingsmen,Louie Louie
The Ronettes,Be My Baby
The Manhattans,Kiss & Say Goodbye
Three Dog Night,Joy to the World
Olivia Newton-John & Electric Light Orchestra,Xanadu
Elvis Presley,Can't Help Falling in Love
Marvin Gaye,I Heard it Through the Grapevine
Red Hot Chili Peppers,Under the Bridge
Elvis Presley,In the Ghetto
Perry Como,Don't Let the Stars Get in Your Eyes
The Doors,Light My Fire
The Beatles,The Ballad of John & Yoko
The Eurythmics,Sweet Dreams (Are Made of This)
The Beatles,Can't Buy Me Love
Dean Martin,Memories Are Made of This
The Drifters,Save the Last Dance For Me
Neil Young,Heart of Gold
Jennifer Lopez,Love Don't Cost a Thing
The Scissor Sisters,I Don't Feel Like Dancin'
Jive Bunny & The Mastermixers,Swing the Mood
Kitty Kallen,Little Things Mean a Lot
Madonna,Who's That Girl?
Tom Jones,She's a Lady
Extreme,More Than Words
Nancy Sinatra & Frank Sinatra,Somethin' Stupid
Right Said Fred,I'm Too Sexy
Vera Lynn,Auf Wiederseh'n Sweetheart
Creedence Clearwater Revival,Proud Mary
U2,"Hold Me, Thrill Me, Kiss Me, Kill Me"
Glenn Miller,Moonlight Serenade
Crash Test Dummies,Mmm Mmm Mmm Mmm
Creedence Clearwater Revival,Up Around the Bend
Rihanna,Disturbia
Elton John,Something About the Way You look Tonight
Bobby Goldsboro,Honey
Eminem,Just Lose It
Musical Youth,Pass the Dutchie
Chicago,Hard to Say I'm Sorry
Joe Cocker & Jennifer Warnes,Up Where We Belong
Isaac Hayes,Theme From 'Shaft'
B J Thomas,Raindrops Keep Falling On My Head
John Fred & The Playboy Band,Judy in Disguise (With Glasses)
"Pitbull, Ne-Yo, Afrojack & Nayer",Give Me Everything
Billy Joel,The River of Dreams
Joan Osborne,One of Us
Lisa Stansfield,All Around the World
Alannah Myles,Black Velvet
Beyonce,If I Were a Boy
Trini Lopez,If I Had a Hammer
Roberta Flack,The First Time Ever I Saw Your Face
Crazy Frog,Axel F
Elvis Presley,(You're The) Devil in Disguise
The Beatles,Lady Madonna
Dire Straits,Money For Nothing
Francis Craig,Near You
Elvis Presley,Good Luck Charm
Frankie Avalon,Venus
The Commodores,Three Times a Lady
Glenn Miller,Chattanooga Choo Choo
Mariah Carey,Vision of Love
Tony Orlando & Dawn,Knock Three Times
Amii Stewart,Knock On Wood
Les Paul & Mary Ford,How High the Moon
Percy Faith,The Song From Moulin Rouge (Where Is Your Heart)
Abba,The Winner Takes it All
The Carpenters,(They Long to Be) Close to You
Frankie Valli,Grease
Rihanna,SOS (Rescue Me)
Chris de Burgh,The Lady in Red
The Beatles,Strawberry Fields Forever
Tiffany,I Think We're Alone Now
Duffy,Mercy
Rod Stewart,Tonight's the Night (Gonna Be Alright)
R Kelly,Ignition
Elton John,Goodbye Yellow Brick Road
Christina Aguilera,Ain't No Other Man
D12,My Band
Barbra Streisand,The Way We Were
"Robin Thicke, T.I. & Pharrell Williams",Blurred Lines
The Sweet,Fox On the Run
C&C Music Factory,Gonna Make You Sweat (Everybody Dance Now)
Michael Jackson,Thriller
Rihanna,Take a Bow
Ray Parker Jr,Ghostbusters
Enigma,Return to Innocence
Bob Dylan,Like a Rolling Stone
Uncle Kracker,Follow Me
Gwen Stefani & Akon,The Sweet Escape
The Rolling Stones,Miss You
The Platters,The Great Pretender
Champs,Tequila
Wings,Silly Love Songs
Plain White T's,Hey There Delilah
George Michael,Jesus to a Child
INXS,Need You Tonight
Amy Winehouse,Rehab
Mariah Carey,Dreamlover
Kate Bush,Wuthering Heights
The Four Tops,Reach Out (I'll Be There)
Babylon Zoo,Spaceman
New Vaudeville Band,Winchester Cathedral
Stevie Wonder,Superstition
Lauryn Hill,Doo Wop (That Thing)
Eminem,The Real Slim Shady
Madonna,Justify My Love
The B52s,Love Shack
Elton John,Can You Feel the Love Tonight
Al Green,Let's Stay Together
Diana King,Shy Guy
Jennifer Paige,Crush
Prince,Batdance
Kaoma,Lambada
The Beatles,Something
Patti LaBelle,Lady Marmalade (Voulez-Vous Coucher Aver Moi Ce Soir?)
The Everly Brothers,All I Have to Do is Dream
Baccara,"Yes Sir, I Can Boogie"
Boney M,Daddy Cool
U2,Discotheque
Shania Twain,You're Still the One
George Michael & Elton John,Don't Let the Sun Go Down On Me
Britney Spears,Womanizer
The Kalin Twins,When
Madonna,This Used to Be My Playground
Little Eva,The Loco-Motion
O-Zone,Dragostea Din Tei
Rosemary Clooney,Hey There
U2,Vertigo
Pras Michel,Ghetto Supastar (That is What You Are)
Bellamy Brothers,Let Your Love Flow
Andy Gibb,Shadow Dancing
Katy Perry,Teenage Dream
Britney Spears & Madonna,Me Against the Music
Destiny's Child,Survivor
Europe,The Final Countdown
Madonna,American Pie
Chris Montez,Let's Dance
Shakira,Underneath Your Clothes
Spice Girls,2 Become 1
Joe Dolce,Shaddup You Face
Madonna,Crazy For You
The Carpenters,Please Mr Postman
Will Smith,Wild Wild West
Madonna,La Isla Bonita
Prince,Kiss
Janet Jackson,All For You
Tommy Roe,Dizzy
Red Hot Chili Peppers,Dani California
Kylie Minogue,The Loco-Motion
Depeche Mode,Enjoy the Silence
Vanessa Williams,Save the Best For Last
George Baker Selection,Una Paloma Blanca
Jennifer Lopez,Get Right
Gilbert O'Sullivan,Get Down
Bon Jovi,It's My Life
Akon,Don't Matter
Tony Bennett,Stranger in Paradise
Elton John,Nikita
Tom Jones,Delilah
Run DMC & Jason Nevins,It's Like That
John Lennon,Instant Karma
Glenn Miller,(I've Got a Gal In) Kalamazoo
The Scorpions,Wind of Change
Belinda Carlisle,Heaven is a Place On Earth
Neil Diamond,Cracklin' Rosie
Daniel Boone,Beautiful Sunday
Edwin Hawkins Singers,Oh Happy Day
Spice Girls,Say You'll Be There
Kenny Loggins,Footloose
Murray Head,One Night in Bangkok
Carole King,It's Too Late
Huey Lewis & The News,The Power of Love
Paula Abdul & The Wild Pair,Opposites Attract
Debbie Boone,You Light Up My Life
Steve Miller Band,The Joker
50 Cent & Olivia,Candy Shop
Bruce Springsteen,Dancing in the Dark
Billy Ocean,"When the Going Gets Tough, the Tough Get Going"
Conway Twitty,It's Only Make Believe
Paul Hardcastle,19
Roy Orbison,Only The Lonely (Know The Way I Feel)
The Black Eyed Peas,The Time (Dirty Bit)
Queen,We Are the Champions
Coldplay,Speed of Sound
Barry Ryan,Eloise
Heart,All I Wanna Do is Make Love to You
Harry Belafonte,Banana Boat Song
Aretha Franklin,Respect
The Backstreet Boys,Quit Playing Games (With My Heart)
Paul Anka,Lonely Boy
Duran Duran,A View to a Kill
Mr Acker Bilk,Stranger On the Shore
The Fray,How to Save a Life
Eric Clapton,Change the World
Brotherhood of Man,Save All Your Kisses For Me
Lloyd Price,(You've Got) Personality
Artie Shaw,Begin the Beguine
Billy Joel,Uptown Girl
Gilbert O'Sullivan,Alone Again (Naturally)
Mika,Grace Kelly
Leo Sayer,When I Need You
Cliff Richard,We Don't Talk Anymore
The Marcels,Blue Moon
U2,One
Art Mooney,I'm Looking Over a Four Leaf Clover
Madonna,Live to Tell
John Travolta & Olivia Newton-John,Summer Nights
The Moody Blues,Nights in White Satin
The Everly Brothers,Bird Dog
Justin Timberlake,My Love
LeAnn Rimes,How Do I Live?
Ricky Nelson,Hello Mary Lou
Mariah Carey & Whitney Houston,When You Believe
The Beatles,We Can Work it Out
Soul Asylum,Runaway Train
Santa Esmerelda,Don't Let Me Be Misunderstood
Kylie Minogue,I Should Be So Lucky
Jennifer Lopez,Jenny From the Block
Beyonce,Single Ladies (Put A Ring On It)
Guy Mitchell,Singing The Blues
The Verve,Bitter Sweet Symphony
Psy,Gangnam Style
The Temptations,My Girl
Bananarama,Venus
The Rubettes,Sugar Baby Love
Lady GaGa & Beyonce,Telephone
Artie Shaw,Frenesi
Jimmy Dorsey,Tangerine
Big Mountain,"Baby, I Love Your Way"
Lifehouse,Hanging by a Moment
Emilia,Big Big World
The Backstreet Boys,Shape of My Heart
The Beach Boys,Kokomo
Glenn Miller,Moonlight Cocktail
Justin Timberlake,What Goes Around Comes Around
Perez Prado,Patricia
Percy Sledge,When a Man Loves a Woman
Chuck Berry,Johnny B Goode
Donna Summer,Love to Love You Baby
Snoop Dogg & Pharrell Williams,Drop it Like It's Hot
Destiny's Child,Independent Women Part 1
Ringo Starr,Photograph
The Beatles,Day Tripper
Maroon 5,She Will Be Loved
Glen Campbell,Rhinestone Cowboy
Sandie Shaw,Puppet On a String
Creedence Clearwater Revival,Bad Moon Rising
Phil Collins,Two Hearts
Kiss,I Was Made For Lovin' You
Christie,Yellow River
Macy Gray,I Try
Louis Armstrong,Hello Dolly
Percy Faith,Delicado
Bing Crosby,Pennies From Heaven
Sheena Easton,Morning Train (Nine to Five)
Mariah Carey,Honey
Cyndi Lauper,Time After Time
Color Me Badd,I Wanna Sex You Up
Tina Turner,We Don't Need Another Hero (Thunderdome)
Barbra Streisand,Love Theme From 'A Star is Born' (Evergreen)
Frankie Laine,Mule Train
Whitney Houston,Greatest Love of All
Milli Vanilli,"Girl, I'm Gonna Miss You"
Perry Como,Till The End of Time
fun.,We Are Young
Andy Gibb,I Just Wanna Be Your Everything
Mary J Blige,Family Affair
Abba,"Money, Money, Money"
Ace of Base,Don't Turn Around
Mike & The Mechanics,The Living Years
Nelly,My Place
Kelly Clarkson,Because of You
Simon & Garfunkel,Mrs Robinson
Christopher Cross,Arthur's Theme (Best That You Can Do)
Four Aces,Love is a Many Splendoured Thing
George Michael,One More Try
Linkin Park,In the End
The Doobie Brothers,What a Fool Believes
Pussycat,Mississippi
Milli Vanilli,"Girl, You Know It's True"
Tommy Edwards,It's All in the Game
Perry Como,Prisoner of Love
Blondie,The Tide is High
Elvis Presley,Wooden Heart
Donna Lewis,I Love You Always Forever
Gilbert O'Sullivan,Clair
Rod Stewart,Baby Jane
Dolly Parton,9 to 5
Kay Kyser,The Woody Woodpecker Song
Eddie Fisher,I'm Walking Behind You
Rihanna,Pon De Replay
The Backstreet Boys,As Long As You Love Me
The Hollies,The Air That I Breathe
Afroman,Because I Got High
Dean Martin,That's Amore
Bing Crosby,I'll be seeing you
Buggles,Video Killed the Radio Star
Nelly,Hot in Herre
Rod Stewart,Sailing
The Black Eyed Peas,My Humps
Jimmy Dorsey,Besame Mucho
The Rolling Stones,Get Off of My Cloud
Sean Paul,Temperature
Michael Jackson & Siedah Garrett,I Just Can't Stop Loving You
Usher & Alicia Keys,My Boo
DNA & Suzanne Vega,Tom's Diner
Silver Convention,Fly Robin Fly
Will Smith,Gettin' Jiggy Wit It
Evanescence,My Immortal
Jordin Sparks & Chris Brown,No Air
George Harrison,Got My Mind Set On You
Fergie,London Bridge
MC Sar & The Real McCoy,Another Night
Sara Bareilles,Love Song
Donna Summer,Bad Girls
Tommy Dorsey & Frank Sinatra,I'll Never Smile Again
Duran Duran,Ordinary World
The Village People,In the Navy
Fred Astaire,The Way You Look Tonight
George Michael,Fast Love
Bobby Darin,Dream Lover
The Cardigans,Lovefool
Abba,"Knowing Me, Knowing You"
The Diamonds,Little Darlin'
Barry White,"You're the First, the Last, My Everything"
Van McCoy,The Hustle
Madonna,Into the Groove
Train,Drops of Jupiter (Tell Me)
Rose Royce,Car Wash
Chris Brown & Juelz Santana,Run It
Marvin Gaye,(Sexual) Healing
Evelyn Knight,A Little Bird Told Me
Destiny's Child,Say My Name
Usher & Young Jeezy,Love In This Club
Janis Joplin,Me & Bobby McGee
Madonna,Ray of Light
Louis Armstrong,(What A) Wonderful World
The Beatles,Eleanor Rigby
The Pet Shop Boys,Always On My Mind
Paula Abdul,Rush Rush
Jay-Z & Linkin Park,Numb/Encore
U2 & Green Day,The Saints are Coming
Fred Astaire & Leo Reisman,Night & Day
Abba,Take a Chance On Me
Shirley & Company,"Shame, Shame, Shame"
Kay Starr,Wheel of Fortune
OMC,How Bizarre
The Fireballs,Sugar Shack
Gary Puckett & The Union Gap,Young Girl
The Supremes,Where Did Our Love Go
Celine Dion,The Power of Love
Eddie Fisher,I Need You Now
K-Ci & JoJo,All My Life
Youssou N'Dour & Neneh Cherry,7 Seconds
Nazareth,Love Hurts
America,Horse With No Name
The Jackson 5,I Want You Back
Elvis Presley,Love Me Tender
Sam Cooke,Wonderful World
Phil Harris,The Thing
Brenda Lee,I'm Sorry
Sean Paul,Get Busy
Shania Twain,That Don't Impress Me Much
Usher & will.i.am,OMG
Frankie Laine,That Lucky Old Sun (Just Rolls Around Heaven All Day)
Flo-Rida,Whistle
Whitney Houston,Exhale (Shoop Shoop)
Duran Duran,Wild Boys
Madonna,Die Another Day
Madonna,Beautiful Stranger
Prince,Purple Rain
Tom Jones,The Green Green Grass of Home
Enya,Orinoco Flow
Steppenwolf,Born to Be Wild
Simple Minds,Don't You (Forget About Me)
Abba,Chiquitita
Wings,Band On the Run
Kate Smith,God Bless America
Mariah Carey,Heartbreaker
Harry James,Sleepy Lagoon
Next,Too Close
1910 Fruitgum Co,Simon Says
The Partridge Family,I Think I Love You
Leo Sayer,You Make Me Feel Like Dancing
Perry Como,Wanted
The Carpenters,Top of the World
Madonna,Express Yourself
DJ Jazzy Jeff & The Fresh Prince,Boom! Shake the Room
Chaka Khan,I Feel For You
The Foundations,Build Me Up Buttercup
Katy Perry & Kanye West,E.T.
Britney Spears,Everytime
Sly & The Family Stone,Family Affair
Paul Whiteman,Whispering
The Beatles,Michelle
Estelle & Kanye West,American Boy
Mariah Carey,I'll Be There
Patti Page,How Much is That Doggy in the Window?
BoB & Hayley Williams,Airplanes
Usher,Burn
Gorillaz,Feel Good Inc
Neil Diamond,Song Sung Blue
Bobby Vinton,Roses Are Red
Don Cornell,Hold My Hand
Engelbert Humperdinck,The Last Waltz
Timbaland & Nelly Furtado & Justin Timberlake,Give it to Me
Mario Winans,I Don't Wanna Know
The Backstreet Boys,Everybody (Backstreet's Back)
Christina Aguilera,Hurt
Jimmie Rodgers,T For Texas (Blue Yodel No 1)
Wilson Phillips,Hold On
Peggy Lee,Manana (Is Soon Enough For Me)
George Gershwin,Rhapsody in Blue
Little Richard,Long Tall Sally
Benny Goodman,"Sing, Sing, Sing (With A Swing)"
Smokie,Living Next Door to Alice
New Kids On The Block,Step By Step
Manfred Mann,Mighty Quinn
The Troggs,Wild Thing
2 Unlimited,No Limit
Hoobastank,The Reason
Laura Branigan,Self Control
Eddie Fisher,Oh My Papa (O Mein Papa)
Savage Garden,I Want You
The Mamas & The Papas,California Dreamin'
The Black Eyed Peas,Meet Me Half Way
Madonna,Secret
Michael Jackson,Bad
Lisa Loeb & Nine Stories,Stay (I Missed You)
Jerry Lee Lewis,Whole Lotta Shakin' Goin' On
Blondie,Rapture
Mariah Carey,Hero
Highwaymen,Michael Row the Boat
Sonny & Cher,I Got You Babe
Debbie Reynolds,Tammy
Guess Who,American Woman
Mario Lanza,Be My Love
Nini Rosso,Il Silenzio
Madonna,I'll Remember
The Jackson 5,I'll Be There
Bruno Mars,Locked Out Of Heaven
The Beatles,The Long & Winding Road
Technotronic,Get Up (Before the Night is Over)
Enya,Only Time
Melanie,Brand New Key
Rick Astley,Together Forever
Pop Tops,Mammy Blue
Cliff Richard,Living Doll
Johnnie Ray,Just Walkin' in the Rain
Inner Circle,Sweat (A La La La La Song)
Billy Ray Cyrus,Achy Breaky Heart
Michael Jackson,Remember the Time
Aaliyah,Try Again
Janet Jackson,Escapade
Meredith Brooks,Bitch
2Pac & Dr Dre,California Love
The Rolling Stones,19th Nervous Breakdown
Don Henley,The Boys of Summer
EMF,Unbelievable
Ne-Yo,So Sick
KC & The Sunshine Band,That's the Way (I Like It)
Steve Winwood,Higher Love
Connie Francis,Who's Sorry Now?
Simply Red,If You Don't Know Me By Now
Adele,Skyfall
Elvis Presley,Stuck On You
Robert Palmer,Addicted to Love
Kelis,Milkshake
Technotronic,Pump Up the Jam
The Monkees,"A Little Bit Me, a Little Bit You"
Al Hibbler,Unchained Melody
Crazy Town,Butterfly
Elvis Presley,Crying in the Chapel
TLC,Creep
The Beatles,"Ob-La-Di, Ob-La-Da"
Carl Perkins,Blue Suede Shoes
Macklemore & Ryan Lewis,Thrift Shop
Lovin' Spoonful,Summer in the City
The Beach Boys,I Wanna Go Home (The Wreck of the 'John B')
Four Aces,Three Coins in the Fountain
Beyonce,Check On It
Herman's Hermits,No Milk Today
Creedence Clearwater Revival,Lookin' Out My Back Door
Bobby Brown,Humpin' Around
Sheena Easton,For Your Eyes Only
Bee Gees,You Win Again
Little Peggy March,I Will Follow Him
The Browns,The Three Bells (Les Trois Cloches)
Sugarhill Gang,Rapper's Delight
Jewel,You Were Meant for Me
Whitney Houston,Saving All My Love For You
Savage Garden,I Knew I Loved You
Frankie Laine,I Believe
The Bangles,Manic Monday
Alanis Morissette,Hands Clean
Eric Prydz,Call On Me
Kenny Rogers,Lady
The Platters,My Prayer
Kyu Sakamoto,Sukiyaki
Derek & The Dominos,Layla
Donny Osmond,Puppy Love
Johnny Nash,I Can See Clearly Now
Maroon 5,This Love
The Proclaimers,I'm Gonna Be (500 miles)
Julie Covington,Don't Cry For Me Argentina
Elvis Presley,(Let Me Be Your) Teddy Bear
Jay-Z & Alicia Keys,Empire State Of Mind
Avril Lavigne,Sk8er Boi
Charles & Eddie,Would I Lie to You?
No Mercy,Where Do You Go?
Hall & Oates,Maneater
Sister Sledge,We Are Family
Paper Lace,The Night Chicago Died
Elton John,Philadelphia Freedom
La Bouche,Be My Lover
The Andrews Sisters,"I Can Dream, Can't I?"
Dr Hook,Sylvia's Mother
KC & The Sunshine Band,Please Don't Go
Glenn Medeiros,Nothing's Gonna Change My Love For You
Frankie Goes To Hollywood,Two Tribes
REO Speedwagon,Keep On Loving You
Petula Clark,This is My Song
Seal,Crazy
Love Unlimited,Love's Theme
The Rolling Stones,Start Me Up
Los Bravos,Black is Black
Paula Abdul,Straight Up
Flo-Rida,Good Feeling
Beyonce,Halo
Manfred Mann,Do Wah Diddy Diddy
Leroy Anderson,Blue Tango
Christina Aguilera,What a Girl Wants
Jane Birkin & Serge Gainsbourg,Je T'Aime (Moi Non Plus)
The Pussycat Dolls,Stickwitu
Edward Maya & Vika Jigulina,Stereo love
Roy Orbison,Crying
Baltimora,Tarzan Boy
BoB & Bruno Mars,Nothin' on You
Paul Mauriat & his Orchestra,Love Is Blue (L'Amour Est Bleu)
Michael Sembello,Maniac
Trio,Da Da Da ich lieb dich nicht du liebst mich nicht aha aha aha
Crowded House,Don't Dream It's Over
Fred Astaire,Cheek to Cheek
Stevie Wonder,Sir Duke
The Pet Shop Boys,It's a Sin
Whitney Houston,I'm Your Baby Tonight
Amy Grant,Baby Baby
Singing Nun (Soeur Sourire),Dominique
Kevin Lyttle,Turn Me On
Baha Men,Who Let the Dogs Out?
The Supremes,Baby Love
Crystal Waters,Gypsy Woman (La Da Dee)
Peaches & Herb,Reunited
Luther Vandross & Mariah Carey,Endless Love
Kool & The Gang,Cherish
Rihanna,Diamonds
Les Paul & Mary Ford,Mockin' Bird Hill
Chris Brown,Forever
Eddy Grant,Electric Avenue
The Sugababes,Push the Button
Mariah Carey,All I Want For Christmas is You
Colbie Caillat,Bubbly
Desmond Dekker,Israelites
The Temptations,Papa Was a Rolling Stone
The Pretenders,Brass In Pocket (I'm Special)
Kay Kyser,On a Slow Boat to China
Maroon 5,Makes Me Wonder
Hall & Oates,I Can't Go For That (No Can Do)
The Police,Every Little Thing She Does is Magic
The New Radicals,You Get What You Give
The Turtles,Happy Together
Mr Mister,Broken Wings
Bessie Smith,Down Hearted Blues
Jefferson Starship,We Built This City
Olivia Newton-John,Hopelessly Devoted to You
Britney Spears,Gimme More
Paul McCartney,Another Day
Nelly Furtado,All Good Things (Come to an End)
Patti LaBelle & Michael McDonald,On My Own
will.i.am & Britney Spears,Scream & Shout
Jennifer Rush,The Power of Love
Madonna,Don't Cry For Me Argentina
Marvin Gaye,Let's Get it On
Creedence Clearwater Revival,Travellin' Band
Shakespear's Sister,Stay
Connie Francis,Everybody's Somebody's Fool
George Michael,I Want Your Sex
Eric Clapton,I Shot the Sheriff
Tony Bennett,Because of You
Tracy Chapman,Fast Car
David Soul,Don't Give Up On Us
Madonna,True Blue
Natasha Bedingfield,These Words
Yolanda Be Cool & DCup,We No Speak Americano
The Four Seasons,Big Girls Don't Cry
The Tremeloes,Silence is Golden
Neil Sedaka,Oh Carol
Peter Cetera,Glory of Love
Suzi Quatro,Can the Can
Terence Trent D'Arby,Wishing Well
Coldplay,Clocks
Justin Timberlake,Rock Your Body
The Pet Shop Boys,Go West
Harry James,I've Heard That Song Before
Walter Murphy & The Big Apple Band,A Fifth of Beethoven
Dire Straits,Sultans of Swing
BLACKstreet & Dr Dre,No Diggity
The Pussycat Dolls,Buttons
Tommy James & the Shondells,Mony Mony
The Cranberries,Zombie
Aretha Franklin & George Michael,I Knew You Were Waiting (For Me)
Deee-Lite,Groove is in the Heart
The Emotions,Best of My Love
Yazz & The Plastic Population,The Only Way is Up
Duran Duran,The Reflex
Avicii,Wake Me Up
The Sweet,Blockbuster
The Hollies,Long Cool Woman in a Black Dress
Ned Miller,From a Jack to a King
Ne-Yo,Because of You
Madonna,Sorry
George Michael,Praying For Time
Rosemary Clooney,This Ole House
Spandau Ballet,TRUE
Taio Cruz & Ludacris,Break Your Heart
The Rolling Stones,The Last Time
Rockwell,Somebody's Watching Me
Bloodhound Gang,The Bad Touch
Lorde,Royals
Fool's Garden,The Lemon Tree
Free,All Right Now
The New Seekers,I'd Like to Teach the World to Sing
The Royal Scots Dragoon Guards,Amazing Grace
Chris Barber's Jazz Band,Petite Fleur (Little Flower)
Tony Bennett,Rags to Riches
Bruce Springsteen,Born in the USA
U2,The Fly
Spice Girls,Goodbye
Lumidee,Never Leave You (Uh Oooh Uh Oooh)
Dido,Thank You
Linkin Park,What I've Done
Foreigner,Waiting For a Girl Like You
David Bowie & Mick Jagger,Dancing in the Street
The Beatles,Eight Days a Week
The Backstreet Boys,Incomplete
Mary Wells,My Guy
Elton John,Daniel
Chris Brown,With You
Mouth & MacNeal,How Do You Do!
Beyonce & Jay-Z,Deja Vu
Steam,Na Na Hey Hey (Kiss Him Goodbye)
White Town,Your Woman
John Cougar Mellencamp,Jack & Diane
Michael Jackson,Ben
Michael Jackson,Blood on the Dance Floor
Neil Sedaka,Breaking Up is Hard to Do
Johnny Mercer,"On the Atchison, Topeka & the Santa Fe"
Queen,Radio Ga Ga
Bee Gees,You Should Be Dancing
The Andrews Sisters,Bei Mir Bist Du Schoen
The Beatles,Twist & Shout
Vaughn Monroe,Ballerina
Billy Joel,Just the Way You Are
Sammy Kaye,Daddy
Iyaz,Replay
Abba,"I Do, I Do, I Do, I Do, I Do"
Lynyrd Skynyrd,Sweet Home Alabama
Dusty Springfield & The Pet Shop Boys,What Have I Done to Deserve This
Band Aid 20,Do They Know It's Christmas?
50 Cent & Justin Timberlake,Ayo Technology
Stevie Wonder,Master Blaster (Jammin')
Abba,Mamma Mia
Modjo,Lady (Hear Me Tonight)
Gene Austin,"Bye Bye, Blackbird"
Hot Chocolate,You Sexy Thing
The Byrds,Turn! Turn! Turn! (To Everything There is a Season)
The Ink Spots,"We Three (My Echo, My Shadow & Me)"
Madonna,Don't Tell Me
Celine Dion,Think Twice
KC & The Sunshine Band,"(Shake, Shake, Shake) Shake Your Booty"
Simon & Garfunkel,El Condor Pasa (If I Could)
Cutting Crew,(I Just) Died in Your Arms Tonight
T Rex,Get it On
Barry McGuire,Eve of Destruction
Elvis Presley,She's Not You
Jim Reeves,He'll Have to Go
The Everly Brothers,Bye Bye Love
Bing Crosby,"Sunday, Monday or Always"
Missy 'Misdemeanor' Elliott,Work It
Madonna,American Life
Rosemary Clooney,Mambo Italiano
Carly Simon,Nobody Does it Better
Whitney Houston,One Moment in Time
Yes,Owner of a Lonely Heart
James Blunt,1973
Celine Dion,It's All Coming Back to Me Now
Leo Sayer,More Than I Can Say
The Simpsons,Do the Bartman
The Police,Don't Stand So Close to Me
Jimmy Boyd,I Saw Mommy Kissing Santa Claus
Lesley Gore,It's My Party
Vic Damone,You're Breakin' My Heart
Glenn Miller,That Old Black Magic
Frankie Lymon & The Teenagers,Why Do Fools Fall in Love?
Smokey Robinson,Tears of a Clown
Rihanna,Rude boy
Sugar Ray,Every Morning
The Calling,Wherever You Will Go
Stevie Wonder,You Are the Sunshine of My Life
Club Nouveau,Lean On Me
Janet Jackson,Again
Perry Como,"Chi-Baba, Chi-Baba (My Bambino Go to Sleep)"
Chad Kroeger,The Hero
Johnny Preston,Running Bear
Hues Corporation,Rock the Boat
Led Zeppelin,Stairway to Heaven
Spice Girls,Spice Up Your Life
INXS,Suicide Blonde
Donna Summer,MacArthur Park
KLF,3am Eternal
Mr President,Coco Jamboo
Mariah Carey,Always Be My Baby
Nelly & Tim McGraw,Over & Over
Kelly Clarkson,My Life Would Suck Without You
Guns n' Roses,November Rain
The Spin Doctors,Two Princes
Kelly Clarkson,Since U Been Gone
Annie Lennox,No More 'I Love Yous'
Clout,Substitute
Pitbull,I Know You Want Me (calle Ocho)
Destiny's Child,Bootylicious
Perry Como,Some Enchanted Evening
Pink & Nate Ruess,Just Give Me a Reason
Katy Perry,Roar
Soul II Soul,Back to Life (However Do You Want Me)
Red Hot Chili Peppers,By the Way
Ringo Starr,It Don't Come Easy
George Michael,A Different Corner
Beyonce,Baby Boy
The Three Degrees,When Will I See You Again?
Will Smith,Switch
Fairground Attraction,Perfect
Heart,Alone
Cab Calloway & his Cotton Club Orchestra,Minnie the Moocher
Robbie Williams,Rock DJ
Danny & The Juniors,At the Hop
Billie Holiday,Strange Fruit
Ray Charles,What'd I Say
The Ames Brothers,You You You
TLC,Unpretty
Nat King Cole,Pretend
Akon & Snoop Dogg,I Wanna Love You
Simply Red,Fairground
Dean Martin,Everybody Loves Somebody
Toni Basil,Mickey
En Vogue,Don't Let Go (Love)
Millie Small,My Boy Lollipop
Chris Brown & T-Pain,Kiss Kiss
Booker T & the MGs,Green Onions
Run DMC & Aerosmith,Walk This Way
David Bowie,Fame
Bone Thugs-n-Harmony,Tha Crossroads
Ricky Martin,La Copa De La Vida
Martika,Toy Soldiers
Mel & Kim,Respectable
Frank Sinatra,Learnin' the Blues
Little Richard,Tutti Frutti
Creedence Clearwater Revival,Have You Ever Seen the Rain?
Steve Winwood,Roll With It
Take That,Patience
The Supremes,Stop! in the Name of Love
Anastacia,I'm Outta Love
Freda Payne,Band of Gold
James Taylor,You've Got a Friend
Regina Belle & Peabo Bryson,A Whole New World (Aladdin's Theme)
Jennifer Lopez,I'm Real
Crazy World of Arthur Brown,Fire
The Carpenters,Yesterday Once More
The Rolling Stones,Ruby Tuesday
Wilbert Harrison,Kansas City
Toni Braxton,Breathe Again
Eve & Gwen Stefani,Let Me Blow Ya Mind
The Mills Brothers,You Always Hurt the One You Love
Dave Edmunds,I Hear You Knockin'
Mike Oldfield,Moonlight Shadow
Wham!,I'm Your Man
LMFAO,Sexy and I Know It
U2,The Sweetest Thing
Michael Jackson,Earth Song
Kay Kyser,"(I Got Spurs That) Jingle, Jangle, Jingle"
John Paul Young,Love is in the Air
Harry James,I Had the Craziest Dream
Cee-Lo Green,F**k You/forget You
Supertramp,The Logical Song
Owl City,Fireflies
The Boomtown Rats,I Don't Like Mondays
Take That,How Deep is Your Love?
En Vogue,All My Lovin' (You're Never Gonna Get It)
T.I. & Rihanna,Live Your Life
Brian Hyland,Itsy Bitsy Teeny Weeny Yellow Polka Dot Bikini
Smokey Robinson,Being With You
Les Brown,My Dreams Are Getting Better All the Time
Bing Crosby & Les Paul,"It's Been a Long, Long Time"
Green Day,American Idiot
Chic,Good Times
Kajagoogoo,Too Shy
Billy Joel,My Life
"Earth, Wind & Fire",Let's Groove
Deep Blue Something,Breakfast At Tiffany's
Rasmus,In the Shadows
Edwin Starr,War
The Ames Brothers,Rag Mop
A Taste of Honey,Boogie Oogie Oogie
The Prodigy,Breathe
Ricky Martin,(Un Dos Tres) Maria
Usher,U Got it Bad
Perry Como,If (They Made Me a King)
Boyz II Men,On Bended Knee
Cliff Richard,Summer Holiday
Styx,Babe
Dead Or Alive,You Spin me 'round (Like a Record)
Train,"Hey, soul sister"
Cyndi Lauper,True Colors
Vernon Dalhart,The Prisoner's Song
Michael Jackson,The Way You Make Me Feel
Kenny Rogers & Dolly Parton,Islands in the Stream
Nat King Cole,(I Love You) For Sentimental Reasons
Sam Cooke,You Send Me
Men Without Hats,The Safety Dance
Tab Hunter,Young Love
Stevie Wonder,Part-Time Lover
Phil Collins,One More Night
KC & The Sunshine Band,Get Down Tonight
Maxi Priest,Close to You
Ray Charles,"Hit the Road, Jack"
Alice Cooper,School's Out
Doris Day,Bewitched (bothered & bewildered)
Boyzone,No Matter What
Patti Page,I Went to Your Wedding
Sandra,(I'll Never Be) Maria Magdalena
The Cowsills,Hair
Pink,Stupid Girls
Count Basie,One O'Clock Jump
The Cars,Drive
Robbie Williams,Feel
Georgie Fame,Ballad of Bonnie & Clyde
Jimmy Dorsey,Maria Elena
Snoop Dogg & Charlie Wilson & Justin Timberlake,Signs
MARRS,Pump Up the Volume
The Seekers,Georgy Girl
Donovan,Atlantis
The Song Spinners,Comin' in on a Wing & a Prayer
Beck,Loser
Whitney Houston,I Have Nothing
Captain & Tennille,Do That to Me One More Time
Stevie B,Because I Love You (The Postman Song)
Queen,We Will Rock You
Abba,Super Trouper
Fleetwood Mac,Go Your Own Way
Simple Minds,Alive & Kicking
The Carpenters,We've Only Just Begun
Barry Manilow,Mandy
Jon Secada,Just Another Day
Minnie Riperton,Loving You
Boney M,Mary's Boy Child/Oh My Lord
Spiller & Sophie Ellis-Bextor,Groovejet (If This Ain't Love)
Pink,Don't Let Me Get Me
Phil Collins,You Can't Hurry Love
The Rembrandts,I'll Be There For You
Toto,Rosanna
Cliff Edwards (Ukelele Ike),When You Wish Upon a Star
Flo-Rida & David Guetta,Club can't handle me
Metallica,Until it Sleeps
Alanis Morissette,Thank U
The Sweet,Little Willy
Jay Sean & Lil' Wayne,Down
The Shirelles,Will You Love Me Tomorrow
Contours,Do You Love Me?
The Shadows,Apache
Whitney Houston,My Love is Your Love
Maureen McGovern,The Morning After
Tex Williams & The Western Caravan,Smoke! Smoke! Smoke! (That Cigarette)
Frank Chacksfield,Terry's Theme From 'Limelight'
Britney Spears,Piece Of Me
PM Dawn,Set Adrift On a Memory of Bliss
Santana & Michelle Branch,The Game of Love
Usher,You make Me Wanna
Nicki French,Total Eclipse of the Heart
"Bob Sinclar, Goleo VI & Gary 'Nesta' Pine",Love Generation
Toto,Africa
The Shangri-Las,Leader of the Pack
Jan & Dean,Surf City
The Ink Spots,To Each His Own
Freddie Mercury,Living On My Own
My Chemical Romance,Welcome to the Black Parade
Ne-Yo,Closer
Spice Girls,Viva Forever
Fanny Brice,My Man
Teresa Brewer,Till I Waltz Again With You
Anastacia,Left Outside Alone
Michael Jackson,Dirty Diana
Vaughn Monroe,Let it Snow! Let it Snow! Let it Snow!
Oasis,Don't Look Back in Anger
Paul Young,Every Time You Go Away
Ben Bernie,Sweet Georgia Brown
Ciara & Missy 'Misdemeanor' Elliot,1-2 Step
Atomic Kitten,Whole Again
Bee Gees,Jive Talkin'
Elton John,Your Song
Cher,If I Could Turn Back Time
Madonna,Material Girl
Survivor,Burning Heart
Britney Spears,(You Drive Me) Crazy
Rod Stewart,Rhythm of My Heart
Bryan Adams,Can't Stop This Thing We Started
Dion,Runaround Sue
Freddy Martin,Symphony
Michael Jackson,They Don't Care About Us
Charlene,I've Never Been to Me
Ray Charles,Georgia On My Mind
Gwen Stefani,Wind It Up
Nelly Furtado,I'm Like a Bird
Rosemary Clooney,Half As Much
Shaggy,Oh Carolina
The Beatles,Please Please Me
Tommy Dorsey & Frank Sinatra,There Are Such Things
Justin Timberlake,Cry Me a River
Vanessa Williams,Colors of the Wind
Black Sabbath,Paranoid
Craig Douglas,Only Sixteen
Marvin Gaye,What's Going On?
KLF,Justified & Ancient
Elton John,Bennie & the Jets
Des'ree,Life
The Jackson 5,ABC
Miguel Rios,A Song Of Joy
The Four Seasons,Sherry
Dinah Shore,I'll Walk Alone
Nat King Cole,The Christmas Song (Chestnuts Roasting On An Open Fire)
Edison Lighthouse,Love Grows (Where My Rosemary Goes)
Aerosmith,Cryin'
Middle of The Road,"Chirpy, Chirpy, Cheep, Cheep"
Bomfunk MCs,Freestyler
No Doubt,It's My Life
Mitch Miller,Yellow Rose of Texas
The Doors,Touch Me
Mariah Carey,Emotions
Evanescence,Call me when you're sober
"Earth, Wind & Fire",Boogie Wonderland
Deep Purple,Smoke On the Water
Paul Simon,50 Ways to Leave Your Lover
Frijid Pink,House of the Rising Sun
Wings,My Love
Rod Stewart,You're in My Heart (The Final Acclaim)
Jamelia,Superstar
The Pet Shop Boys,Heart
Notorious BIG & P Diddy,Mo Money Mo Problems
Bee Gees,How Do You Mend a Broken Heart
Jerry Murad's Harmonicats,Peg o' My Heart
Thelma Houston,Don't Leave Me This Way
Donna Summer,The Last Dance
Buddy Holly,Peggy Sue
Michael Bolton,How am I Supposed to Live Without You?
Sting,If I Ever Lose My Faith in You
Billy Joel,We Didn't Start the Fire
Wild Cherry,Play That Funky Music
Madonna,You'll See
Bill Withers,Lean On Me
Britney Spears,Hold It Against Me
Three Dog Night,Mama Told Me Not to Come
Whitney Houston,All the Man That I Need
Mariah Carey,Someday
Enrique Iglesias & Pitbull,I Like It
Lulu,"To Sir, With Love"
Bobbie Gentry,Ode To Billie Joe
Jimmy Dorsey,Green Eyes
Toni Braxton,You're Makin' Me High
Bee Gees,I Started a Joke
Sisqo,Thong Song
Kim Wilde,Kids in America
Taylor Dayne,Tell it to My Heart
Simon & Garfunkel,The Boxer
Vaughn Monroe,There! I've Said it Again
Four Aces,Mister Sandman
Supertramp,It's Raining Again
George Michael,Father Figure
Oasis,D'You Know What I Mean?
Enrique Iglesias,Bailamos
MFSB,TSOP (The Sound of Philadelphia)
N-Trance & Ricardo Da Force,Stayin' Alive
Staff Sergeant Barry Sadler,Ballad of the Green Berets
Samantha Sang,Emotion
Barbra Streisand & Donna Summer,No More Tears (Enough is Enough)
Avril Lavigne,I'm With You
Sonique,It Feels So Good
Boney M,Rasputin
Counting Crows,Mr Jones
Metallica,Enter Sandman
MC Sar & The Real McCoy,Run Away
Paul McCartney,Coming Up
The Ink Spots,The Gypsy
Lloyd Price,Stagger Lee
Guns n' Roses,Don't Cry
Shanice,I Love Your Smile
The Kinks,Sunny Afternoon
Jennifer Lopez & LL Cool J,All I Have
Olivia Newton-John,Magic
The Everly Brothers,Wake Up Little Susie
Britney Spears,Lucky
The Monkees,Last Train to Clarksville
David Whitfield & Mantovani,Cara Mia
C W McCall,Convoy
The Backstreet Boys,Show Me the Meaning of Being Lonely
Chris Isaak,Wicked Game
Roger Miller,King of the Road
Artie Shaw,Stardust
Michael Jackson,You Rock My World
Elton John,The One
Harry James,"It's Been a Long, Long Time"
REM,Everybody Hurts
Tommy Roe,Sheila
N Sync,It's Gonna Be Me
Samantha Fox,Touch Me (I Want Your Body)
Tiffany,Could've Been
Ringo Starr,"You're Sixteen, You're Beautiful (And You're Mine)"
Katy Perry,Wide Awake
Jessie J & BoB,Price Tag
Rick Dees & his Cast of Idiots,Disco Duck
Heatwave,Boogie Nights
Janet Jackson,Doesn't Really Matter
Peter Schilling,Major Tom (Coming Home)
Joey Dee & The Starliters,Peppermint Twist
B*Witched,C'est La Vie
Eminem & Rihanna,The Monster
Jefferson Airplane,White Rabbit
Boney M,Sunny
The Smashing Pumpkins,1979
Gloria Gaynor,Never Can Say Goodbye
Eruption,I Can't Stand the Rain
Warren G & Nate Dogg,Regulate
Johnny Mercer,Ac-cent-tchu-ate the Positive
Tom Jones,Help Yourself
Ciara & Petey Pablo,Goodies
Lady GaGa,Paparazzi
Celine Dion,That's the Way it Is
Bing Crosby,Now Is the Hour (Maori Farewell Song)
Dion,The Wanderer
The Goo Goo Dolls,Slide
The Platters,Twilight Time
Lionel Richie,Dancing On the Ceiling
Eddie Cantor,Makin' Whoopee
Ohio Express,Yummy Yummy Yummy
Bing Crosby & The Andrews Sisters,Pistol Packin' Mama
U2,Mysterious Ways
Bee Gees,Words
The Beatles,Revolution
Barbra Streisand & Bryan Adams,I Finally Found Someone
Eminem,Not afraid
A R Rahman & The Pussycat Dolls,Jay Ho (you Are My Destiny)
Kings of Leon,Sex on Fire
Rod Stewart,Have I Told You Lately
Ella Fitzgerald,A-Tisket A-Tasket
Taco,Puttin' on the Ritz
Ritchie Valens,Donna
Player,Baby Come Back
Tony Bennett,"Cold, Cold Heart"
Johnny Rivers,"Memphis, Tennessee"
Don McLean,Cryin'
Celine Dion & R Kelly,I'm Your Angel
Jason Derulo,Whatcha Say
Coolio & 40 Thevz,C U When U Get There
Jimmy Dorsey,Amapola (Pretty Little Poppy)
Peter Frampton,Show Me the Way
Britney Spears,Sometimes
Roxette,Listen to Your Heart
Wham!,Last Christmas
Duran Duran,Notorious
Gwen Stefani,What U Waitin' 4
Kenny Rogers,Coward of the County
Bessie Smith,St Louis Blues
Billy Eckstine,My Foolish Heart
Paul Anka,Put Your Head On My Shoulder
Bruce Hornsby & The Range,The Way it Is
Robbie Williams,Angels
Cher,The Shoop Shoop Song (It's in His Kiss)
Jo Stafford,Make Love to Me
Jennifer Lopez,Ain't it Funny
Bryan Adams,Heaven
Madonna,Open Your Heart
Ethel Waters,Stormy Weather (Keeps Rainin' All the Time)
Donovan,Mellow Yellow
Martha & The Vandellas,Dancing in the Street
Christina Aguilera,Come On Over Baby (All I Want is You)
David Bowie,Space Oddity
Juanes,La Camisa Negra
Avril Lavigne,My Happy Ending
Avril Lavigne,Don't Tell Me
Maroon 5 & Wiz Khalifa,Payphone
The Mills Brothers,The Glow-Worm
Engelbert Humperdinck,Release Me (And Let Me Love Again)
Stories,Brother Louie
Mr Mister,Kyrie
Robbie Nevil,C'est La Vie
James Taylor,Fire & Rain
Johnny & The Hurricanes,Red River Rock
Eagle-Eye Cherry,Save Tonight
Henry Mancini,Moon River
Midnight Oil,Beds Are Burning
Kim Wilde,(You Keep Me) Hangin' On
Marky Mark & The Funky Bunch,Good Vibrations
Starland Vocal Band,Afternoon Delight
Charlie Rich,The Most Beautiful Girl
Tommy James & the Shondells,Hanky Panky
The Young Rascals,Groovin'
Barbra Streisand & Neil Diamond,You Don't Bring Me Flowers
Melanie C & Lisa 'Left Eye' Lopes,Never Be the Same Again
Janet Jackson,Miss You Much
U2,Where the Streets Have No Name
Rick Astley,She Wants to Dance With Me
Johnny Tillotson,Poetry in Motion
The Troggs,With a Girl Like You
Gigliola Cinquetti,Non Ho L'Eta Per Amarti
Elvis Presley,Way Down
Pink,U & Ur Hand
Robert Miles,One & One
Philip Bailey & Phil Collins,Easy Lover
Ben Selvin,Happy Days Are Here Again
Bert Kaempfert & his Orchestra,Wonderland By Night
Bette Midler,Wind Beneath My Wings
Bing Crosby,Only Forever
"Earth, Wind & Fire",September
Opus,Live Is Life
Gary Numan,Cars
The Ventures,Walk Don't Run
Van Morrison,Brown Eyed Girl
Edith Piaf,La Vie En Rose
Stealer's Wheel,Stuck in the Middle With You
Blondie,Maria
Bobby Vinton,Blue Velvet
Fleetwood Mac,Dreams
Stan Getz & Joao Gilberto,The Girl From Ipanema
Morris Albert,Feelings
Ugly Kid Joe,Cat's in the Cradle
Mariah Carey,It's Like That
Janet Jackson,Runaway
David Guetta & Kelly Rowland,When Love Takes Over
The Stylistics,You Make Me Feel Brand New
Harry Richman,Puttin' on the Ritz
Level 42,Lessons in Love
Middle of The Road,Sacramento (A Wonderful Town)
Marvin Hamlisch,The Entertainer
Quarterflash,Harden My Heart
Anne Murray,You Needed Me
Cascada,Everytime We Touch
Jefferson Starship,Sara
Eddy Grant,I Don't Wanna Dance
The Doors,Riders On the Storm
Whitney Houston,I'm Every Woman
Ashanti,Foolish
Bon Jovi,This Ain't a Love Song
Robin S,Show Me Love
George Michael,Freedom
Falco,Der Kommissar
Boston,More Than a Feeling
Joni James,Why Don't You Believe Me?
Glenn Miller,A String of Pearls
Aneka,Japanese Boy
Los Indios Tabajaras,Maria Elena
The Four Seasons,Rag Doll
Guns n' Roses,You Could Be Mine
The Escape Club,Wild Wild West
N Sync,Girlfriend
The Surfaris,Wipe Out
The Human League,Human
Dionne Warwick,Heartbreaker
The Hollies,Bus Stop
Toni Braxton,He Wasn't Man Enough
Billie Holiday,God Bless the Child
Sarah Brightman & Andrea Bocelli,Time to Say Goodbye (Con Te Partiro)
Middle of The Road,"Soley, Soley"
Al Trace,You Call Everybody Darlin'
The Pointer Sisters,Fire
Natasha Bedingfield,Unwritten
Royal Guardsmen,Snoopy Vs the Red Baron
Gary Glitter,Rock 'n' Roll (Part 2)
Abba,The Name of the Game
Fall Out Boy,"This Ain't A Scene, It's An Arms Race"
Rihanna,Unfaithful
Tinie Tempah & Eric Turner,Written in the Stars
Sandi Thom,I Wish I Was A Punk Rocker (With Flowers In My Hair)
Chris Norman & Suzi Quatro,Stumblin' In
Madness,Our House
Wings,Live & Let Die
Daft Punk & Pharrell Williams,Get Lucky
Wham!,Everything She Wants
The Rolling Stones,Let's Spend the Night Together
Tony Rich Project,Nobody Knows
The Small Faces,Itchycoo Park
The Beach Boys,Barbara Ann
Perry Como,Papa Loves Mambo
Eddie Calvert,Oh My Papa (O Mein Papa)
2Pac,Changes
John Parr,St Elmo's Fire (Man in Motion)
Frankie Laine,Jezebel
Nelly Furtado,Maneater
Captain Hollywood Project,More & More
Madonna,Erotica
Jimmy Dean,Big Bad John
Mark Morrison,Return of the Mack
Margaret Whiting,A Tree in the Meadow
Kim Wilde,Cambodia
Creedence Clearwater Revival,Green River
The Lemon Pipers,Green Tambourine
Frank Chacksfield,Ebb Tide
Michael Jackson,Man in the Mirror
Creedence Clearwater Revival,Down On the Corner
Patti Smith & Don Henley,Sometimes Love Just Ain't Enough
Suzi Quatro,Devil Gate Drive
Elvis Presley,Little Sister
Katy Perry,Part of Me
Spike Jones,All I Want For Christmas is my Two Front Teeth
Isham Jones,It Had to Be You
Shakira & Freshly Ground,Waka Waka (This Time For Africa)
The White Stripes,7 Nation Army
Pat Boone,April Love
Frankie Laine,High Noon (Do Not Forsake Me)
The Lighthouse Family,High
Neneh Cherry,Buffalo Stance
The Sweet,Co-Co
Ce Ce Peniston,Finally
KC & The Sunshine Band,I'm Your Boogie Man
The Temptations,Just My Imagination (Running Away With Me)
Space,Magic Fly
Tammy Wynette,Stand By Your Man
Suzanne Vega,Luka
Lou Reed,Walk On the Wild Side
Rick Springfield,Jessie's Girl
Johnny Mercer,Personality
The Black Eyed Peas,Let's Get it Started
Edith Piaf,Milord
Count Basie,"Open The Door, Richard!"
Michael Jackson,Rock With You
Electric Light Orchestra,Livin' Thing
The Beatles,I Saw Her Standing There
Ted Weems,Heartaches
The Rolling Stones,Emotional Rescue
Bon Jovi,Bed of Roses
Laura Branigan,Gloria
No Doubt,Hey Baby
Queen & David Bowie,Under Pressure
Kings of Leon,Use Somebody
Coleman Hawkins,Body & Soul
Cream,White Room
Billy Vaughn,Sail Along Silvery Moon
Three Doors Down,Here Without You
Gregory Abbott,Shake You Down
The Pussycat Dolls & Will.I.Am,Beep
Doris Day,It's Magic
The Outhere Brothers,Boom Boom Boom
Patti Page,All My Love
U2,Pride (In the Name of Love)
New Kids On The Block,You Got it (The Right Stuff)
Margaret Whiting & Jimmy Wakely,Slippin' Around
Bing Crosby,"Brother, Can You Spare a Dime?"
Tears For Fears,Sowing the Seeds of Love
Elvis Presley,(Marie's the Name) His Latest Flame
Danyel Gerard,Butterfly
Elvis Presley,A Big Hunk O' Love
Elvis Presley,I Need Your Love Tonight
The Police,"De Do Do Do, De Da Da Da"
Mary MacGregor,Torn Between Two Lovers
Johnny Logan,What's Another Year
Buzz Clifford,Baby Sittin' Boogie
JoJo,Leave (Get Out)
Elton John,Rocket Man
Linkin Park,Somewhere I Belong
Herb Alpert,This Guy's in Love With You
Justin Timberlake,Like I Love You
Chesney Hawkes,The One & Only
Spencer Davis Group,Gimme Some Lovin'
The Pet Shop Boys,Domino Dancing
Mary J Blige,Be Without You
Pee Wee King,Slow Poke
Freddy Martin,To Each His Own
A-Ha,The Sun Always Shines On TV
Merrilee Rush,Angel of the Morning
Ella Fitzgerald & The Ink Spots,Into Each Life Some Rain Must Fall
Gwen Stefani,Rich Girl
Emile Ford & The Checkmates,What Do You Want to Make Those Eyes At Me For?
Tag Team,Whoomp! (There it Is)
Kenny Rogers,Lucille
Diana Ross,Theme From 'Mahogany' (Do You Know Where You're Going To)
Geri Halliwell,It's Raining Men
Third Eye Blind,Semi-Charmed Life
Diana Ross & The Supremes,Love Child
Sammy Kaye,Harbour Lights
Wham!,The Edge of Heaven
One Direction,What Makes You Beautiful
Alphaville,Big in Japan
Maroon 5,One More Night
Fine Young Cannibals,Good Thing
Wheatus,Teenage Dirtbag
Eagles,One of These Nights
Bing Crosby & Carmen Cavallaro,I Can't Begin to Tell You
Frida,I Know There's Something Going On
Herman's Hermits,Mrs Brown You've Got a Lovely Daughter
Cream,Sunshine of Your Love
Wilson Phillips,Release Me
Timmy Thomas,Why Can't We Live Together?
Woody Guthrie,This Land is Your Land
The Floaters,Float On
Prince,Cream
Harold Faltermeyer,Axel F
Bruce Springsteen,Born to Run
Electric Light Orchestra,Hold On Tight
Elton John,Believe
Lady GaGa,Alejandro
Gene Austin,My Blue Heaven
John Denver,Annie's Song
Limp Bizkit,Behind Blue Eyes
Penny McLean,Lady Bump
The Chiffons,He's So Fine
Christina Aguilera & Redman,Dirrty
Bee Gees,I've Gotta Get a Message to You
Janet Jackson,Love Will Never Do (Without You)
Donovan,Sunshine Superman
Frankie Laine,That's My Desire
Blur,Country House
Taylor Swift,We Are Never Ever Getting Back Together
Hugo Montenegro,The Good the Bad & the Ugly
Gloria Estefan,Coming Out of the Dark
Ocean,Put Your Hand in the Hand
Beyonce,Sweet Dreams
Gladys Knight & The Pips,Midnight Train to Georgia
Chicago,Look Away
Olivia Newton-John,I Honestly Love You
Salt-N-Pepa & En Vogue,Whatta Man
Taylor Swift,Love Story
Al Jolson,"California, Here I Come"
The Police,Roxanne
Cher,Bang Bang (My Baby Shot Me Down)
Ricky Martin & Christina Aguilera,Nobody Wants to Be Lonely
Britney Spears,3
The McCoys,Hang On Sloopy
R Kelly,If I Could Turn Back the Hands of Time
Jimmy Jones,Good Timin'
Rod Stewart,Passion
Christopher Cross,Sailing
Benny Goodman,Jersey Bounce
Robbie Williams & Nicole Kidman,Somethin' Stupid
10CC,Dreadlock Holiday
P Diddy & Jimmy Page,Come With Me
Neil Diamond,I Am... I Said
George Harrison,All Those Years Ago
Hoagy Carmichael,Stardust
The Black Eyed Peas,Don't Lie
Elvis Presley,One Night
Whigfield,Saturday Night
Tone Loc,Wild Thing
Montell Jordan,This is How We Do It
Pat Benatar,Love is a Battlefield
Phil Collins,I Wish it Would Rain Down
Chris Andrews,Yesterday Man
Atlantic Starr,Always
Bob Moore,Mexico
Atomic Kitten,The Tide is High (Get the Feeling)
Corona,Rhythm of the Night
Sean Paul,We Be Burnin'
Eric Carmen,All By Myself
Frank Sinatra,Love & Marriage
Silk,Freak Me
Maxine Nightingale,Right Back Where We Started From
Engelbert Humperdinck,A Man Without Love
The Easybeats,Friday On My Mind
Deniece Williams,Let's Hear it For the Boy
Bobby 'Boris' Pickett & The Crypt-Kickers,The Monster Mash
Joe Cocker,With a Little Help From My Friends
Andrea True Connection,"More, More, More"
US3,Cantaloop (Flip Fantasia)
Eminem,When I'm Gone
The Beatles,Love Me Do
Perry Como,Catch a Falling Star
Original Dixieland Jazz Band,Tiger Rag
Baby Bash,Suga Suga
Cliff Richard,Lucky Lips
Sylvers,Boogie Fever
Franz Ferdinand,Take Me Out
Daft Punk,One More Time
Adam Clayton & Larry Mullen,Theme From 'Mission Impossible'
Samantha Mumba,Gotta Tell You
Underworld,Born Slippy
Eddie Cochran,Summertime Blues
Flo-Rida & Sia,The Wild Ones
Robin Beck,First Time
"Nelly, P Diddy & Murphy Lee",Shake Ya Tailfeather
The Flamingos,I Only Have Eyes For You
Elton John,Little Jeannie
Whitney Houston,How Will I Know
Ricky Nelson,Travellin' Man
Far East Movement,Like a g6
Eagles,New Kid in Town
Nat King Cole,Ramblin' Rose
Prince,1999
DJ Sammy & Yanou,Heaven
Miley Cyrus,Wrecking Ball
Heavy D & The Boyz,Now That We Found Love
Donovan,Hurdy Gurdy Man
Huey Lewis & The News,Stuck With You
Shakira,La Tortura
Yvonne Elliman,If I Can't Have You
Mariah Carey,Touch My Body
Salt-N-Pepa,Let's Talk About Sex
Elton John,Sacrifice
Cheap Trick,The Flame
Richard Harris,MacArthur Park
Dinah Shore,Dear Hearts & Gentle People
Les Baxter & his Orchestra,Unchained Melody
Nina Sky,Move Ya Body
Mariah Carey,Don't Forget About Us
Brandy,Have You Ever?
Debbie Gibson,Lost in Your Eyes
Rosemary Clooney,Come On-a My House
The Doors,"Hello, I Love You, Won't You Tell Me Your Name?"
Glenn Miller,When You Wish Upon a Star
The Fray,Over My Head (Cable Car)
Tasmin Archer,Sleeping Satellite
Tracy Chapman,Give Me One Reason
Billy Paul,Me & Mrs Jones
Bob Marley,"No Woman, No Cry"
The Bay City Rollers,Saturday Night
Ritchie Valens,La Bamba
The Police,Message in a Bottle
Duran Duran,Hungry Like the Wolf
Elton John,Island Girl
Scatman John,Scatman's World
Frankie Carle,Rumors Are Flying
Billy Ocean,Caribbean Queen (No More Love On the Run)
Donna Summer,She Works Hard For the Money
The Tokens,The Lion Sleeps Tonight
Dave Clark Five,Glad All Over
Lil' Wayne,Lollipop
Gene Chandler,Duke of Earl
Frank Sinatra,Three Coins in the Fountain
Smash Mouth,All Star
Faith Hill,Breathe
Roy Orbison,It's Over
Usher,U Remind Me
David Dundas,Jeans On
Bill Haley & his Comets,"Shake, Rattle & Roll"
Foreigner,Urgent
Bobby Brown,My Perogative
The Detroit Spinners,Working My Way Back to You
Faithless,Insomnia
Guns n' Roses,Paradise City
Abba,One of Us
Sheryl Crow,Strong Enough
Bill Withers,Ain't No Sunshine
The Crystals,Then He Kissed Me
Amerie,1 Thing
Shania Twain,Man! I Feel Like a Woman!
Eddy Howard,To Each His Own
Hall & Oates,Kiss On My List
The Seekers,The Carnival is Over
Aerosmith,Jaded
Tom Cochrane,Life is a Highway
Five for Fighting,Superman (It's Not Easy)
Elton John,Lucy in the Sky With Diamonds
Rihanna,What's My Name?
Steppenwolf,Magic Carpet Ride
Gabrielle,Dreams
The Corrs,Breathless
Green Day,Wake Me Up When September Ends
Eiffel 65,Move Your Body
Kay Starr,Rock 'n' Roll Waltz
Roxette,Fading Like a Flower (Every Time You Leave)
3T,Anything
Bette Midler,From a Distance
Metro Station,Shake It
Cher,"Gypsies, Tramps & Thieves"
Leona Lewis,Better in Time
Matchbox Twenty,Bent
The Hollies,"He Ain't Heavy, He's My Brother"
The Vengaboys,"Boom, Boom, Boom, Boom"
Wings,Listen to What the Man Said
Eminem,We Made You
Chuck Berry,Maybellene
Elvis Presley,Burning Love
Patsy Cline,Crazy
Johnny Cash,Ring of Fire
Barry White,"Can't Get Enough of Your Love, Babe"
The Zombies,Time of the Season
Boney M,Belfast
Kenny Ball & his Jazzmen,Midnight in Moscow
Tee Set,Ma belle amie
Gary Wright,Dream Weaver
Paul Anka,(You're) Having My Baby
Paul Young,Come Back & Stay
The Beach Boys,"Help Me, Rhonda"
Electric Light Orchestra,Don't Bring Me Down
Snap,Ooops Up
Skeeter Davis,The End of the World
Louis Armstrong,West End Blues
ABC,The Look of Love
Celine Dion,All By Myself
Louis Jordan,Caldonia Boogie (What Makes Your Big Head So Hard)
The Beatles,Rock 'n' Roll Music
Art Garfunkel,Bright Eyes
Glenn Miller,Elmer's Tune
Celine Dion,A New Day Has Come
The Carpenters,Superstar
Wham!,Freedom
Merril Bainbridge,Mouth
Alanis Morissette,You Learn
Dire Straits,Walk of Life
Lou Rawls,You'll Never Find Another Love Like Mine
Salt-N-Pepa,Push It
Stevie Wonder,I Wish
Grand Funk Railroad,The Loco-Motion
The Beach Boys,I Get Around
Rudy Vallee & his Connecticut Yankees,As Time Goes By
Santana,Black Magic Woman
Peggy Lee,Fever
Mariah Carey,My All
Jason Derulo,In My Head
Albert Hammond,It Never Rains in Southern California
Hank Williams,Your Cheatin' Heart
Mr Oizo,Flat Beat
Imagination,Just an Illusion
Sammy Kaye,Chickery Chick
Ella Fitzgerald & The Ink Spots,I'm Making Believe
Jet,Are You Gonna Be My Girl?
The Prodigy,Firestarter
Linda Ronstadt & Aaron Neville,Don't Know Much
Meco,Star Wars Theme - Cantina Band
Simon & Garfunkel,Cecilia
Ashlee Simpson,Pieces of Me
Shirley Bassey,Goldfinger
The Coasters,Yakety Yak
Paul McCartney & Michael Jackson,The Girl is Mine
The Monkees,Pleasant Valley Sunday
Bing Crosby,Sweet Leilani
Wings,With a Little Luck
East 17,Stay Another Day
Celine Dion & Peabo Bryson,Beauty & the Beast
Four Aces,Stranger in Paradise
Janet Jackson,If
Baccara,Sorry I'm a Lady
Etta James,At Last
Glenn Medeiros & Bobby Brown,She Ain't Worth It
Goombay Dance Band,Sun Of Jamaica
Visage,Fade to Grey
Tina Turner,The Best
Stacie Orrico,Stuck
Simply Red,Holding Back the Years
Aerosmith,Livin' On the Edge
Shakin' Stevens,Oh Julie
The Young Rascals,People Got to Be Free
Bobby Lewis,Tossing & Turning
The Drifters,There goes my baby
Marvin Gaye,Mercy Mercy Me (The Ecology)
Pearl Jam,Last Kiss
The Osmonds,Crazy Horses
The Orioles,Crying in the Chapel
Fred Astaire,They Can't Take That Away From Me
George Benson,Give Me the Night
Silver Convention,Get Up & Boogie (That's Right)
Red Hot Chili Peppers,Scar Tissue
Tavares,Heaven Must Be Missing an Angel
The O'Jays,Love Train
The Eurythmics,There Must Be an Angel (Playing With My Heart)
James Morrison,You Give Me Something
Dr Hook,When You're in Love With a Beautiful Woman
Pseudo Echo,Funkytown
Elvis Presley,Kiss Me Quick
Tina Turner,I Don't Wanna Fight
Def Leppard,Let's Get Rocked
Gloria Estefan,I Don't Wanna Lose You
Blu Cantrell,Breathe
Bing Crosby,Too-Ra-Loo-Ra-Loo-Ra
Chuck Berry,My Ding-A-Ling
Kelly Clarkson,A Moment Like This
Creedence Clearwater Revival,Who'll Stop the Rain
The Pussycat Dolls,I Hate This Part
Paula Abdul,Forever Your Girl
Britney Spears,Circus
Roxette,Dangerous
Janet Jackson,Black Cat
Air Supply,All Out of Love
Katy Perry,Last Friday Night (TGIF)
Fergal Sharkey,A Good Heart
Helen Reddy,Delta Dawn
Will To Power,"Baby, I Love Your Way"
Pharrell Williams,Happy
The Black Eyed Peas,Pump It
Sir Mix-a-Lot,Baby Got Back
Blood Sweat & Tears,Spinning Wheel
All-American Rejects,Gives You Hell
Cascades,Rhythm of the Rain
MC Hammer,Have You Seen Her
Woody Herman,Blues in the Night
Frankie Valli,My Eyes Adored You
Amy Macdonald,This is the Life
Benny Goodman,Taking A Chance On Love
The Black Eyed Peas,Hey Mama
Sammy Kaye,The Old Lamplighter
Badfinger,Day After Day
The Four Seasons,Walk Like a Man
Red Foley,Chattanoogie Shoe-Shine Boy
Perry Como,Hot Diggity (Dog Ziggity Boom)
Peter & Gordon,A World Without Love
Jeannie C Riley,Harper Valley PTA
Red Hot Chili Peppers,"Snow, Hey Oh"
Depeche Mode,I Feel You
Alanis Morissette,You Oughta Know
Sam & Dave,Soul Man
Vangelis,Chariots of Fire
Abba,Gimme! Gimme! Gimme! (A Man After Midnight)
Nu Shooz,I Can't Wait
Phil Collins,You'll Be in My Heart
Dr Alban,It's My Life
Bee Gees,Don't Forget to Remember
Terence Trent D'Arby,Sign Your Name
"P Diddy, Usher & Loon",I Need a Girl (Part 1)
Elton John,Don't Let the Sun Go Down On Me
Fleetwood Mac,Don't Stop
Madonna,You Must Love Me
Jamiroquai,Virtual Insanity
Duke Ellington,Black & Tan Fantasy
Maria McKee,Show Me Heaven
The Supremes,You Can't Hurry Love
Mario Lanza,Because You're Mine
Kool & The Gang,Get Down On It
Nickelback,Someday
Donny Osmond & Marie Osmond,I'm Leaving it (All) Up to You
Richard Marx,Hazard
Faith Hill,There You'll Be
Bobby Brown,On Our Own (Theme from 'Ghostbusters II')
Manfred Mann's Earth Band,Blinded By the Light
Henry Gross,Shannon
Frank Sinatra,Mam'selle
David Bowie,Ashes to Ashes
David Bowie,China Girl
The Hollies,Stop Stop Stop
Chubby Checker,Limbo Rock
Boy George,Everything I Own
The Andrews Sisters,Boogie Woogie Bugle Boy
Kanye West,Love Lockdown
Steve Miller Band,Rock 'n' Me
The Fleetwoods,Mr Blue
U2,Stuck in a Moment You Can't Get Out Of
Lenny Kravitz,Are You Gonna Go My Way?
Poppy Family,Which Way You Goin' Billy?
Taylor Dayne,Love Will Lead You Back
Creedence Clearwater Revival,Sweet Hitch-Hiker
Harpo,Moviestar
Four Aces,Tell Me Why
Robin Gibb,Saved By the Bell
Jewel,Foolish Games
Beyonce & Jay-Z,Ballad of Bonnie & Clyde
Lenny Kravitz,Fly Away
Lisa Lisa & Cult Jam,Head to Toe
Sade,Smooth Operator
Guy Mitchell,Heartaches By the Number
Paul Anka,Puppy Love
Natalie Cole & Nat King Cole,Unforgettable
Snow Patrol,Chasing Cars
The Who,My Generation
Nelly Furtado,Turn Off the Light
Duke Ellington,Take The 'A' Train
The Goo Goo Dolls,Name
The Everly Brothers,Walk Right Back
The Penguins,Earth Angel
The Ink Spots,You're Breakin' My Heart
Nat King Cole,Smile
Harry Nilsson,Everybody's Talkin'
Bruno Mars,The Lazy Song
Rupert Holmes,Escape (The Pina Colada Song)
Cheap Trick,I Want You to Want Me
Sophie Tucker,Some of These Days
Billy Ocean,There'll Be Sad Songs (To Make You Cry)
Az Yet,Hard to Say I'm Sorry
Genesis,No Son of Mine
S Club 7,Don't Stop Movin'
Prince,Thieves in the Temple
Rob Thomas,Lonely No More
Sheryl Crow,If it Makes You Happy
Kylie Minogue,Slow
Linkin Park,Numb
Pink,Who knew
Michael Jackson,Heal the World
Panic! At the Disco,I Write Sins Not Tragedies
Rod Stewart,Young Turks
Linda Ronstadt & James Ingram,Somewhere Out There
Lady Antebellum,Need You Now
Spice Girls,Too Much
Demis Roussos,"Goodbye, My Love, Goodbye"
REM,Shiny Happy People
Timmy T,One More Try
Jim Croce,"Bad, Bad Leroy Brown"
Frank Sinatra,Young At Heart
Queen,I Want to Break Free
Whitney Houston,"It's Not Right, But It's OK"
Jennifer Lopez,Waiting For Tonight
Milli Vanilli,Blame it On the Rain
Color Me Badd,All 4 Love
The Romantics,Talking in Your Sleep
Stan Getz & Charlie Byrd,Desafinado (Slightly Out Of Tune)
Cliff Richard,Congratulations
Craig David,Walking Away
John Farnham,You're the Voice
Norah Jones,Don't Know Why
Bing Crosby,I Love You
The Box Tops,Cry Like a Baby
Phil Collins & Marilyn Martin,Separate Lives
Bee Gees,Lonely Days
Oliver,Good Morning Starshine
The Backstreet Boys,Larger Than Life
Gene Vincent,Be Bop a Lula
Roy Acuff,Wabash Cannonball
The Beastie Boys,Intergalactic
Gina G,Ooh Aah... Just a Little Bit
Oasis,Go Let it Out
The Coasters,Charlie Brown
Ricky Martin,She Bangs
Haddaway,Life
The Wanted,Glad You Came
George Michael,Too Funky
Madonna,Cherish
Hanson,I Will Come to You
Sheryl Crow,Everyday is a Winding Road
Ronan Keating,When You Say Nothing At All
OutKast,The Way You Move
Marty Robbins,El Paso
Pilot,Magic
Rihanna,Hate That I Love You
Oasis,The Hindu Times
Helen Kane,I Wanna Be Loved By You
Fergie & will.i.am,Fergalicious
OutKast,Roses
Jimi Hendrix,All Along the Watchtower
Pink,Just Like a Pill
Bruce Channel,Hey Baby
Owl City & Carly Rae Jepsen,Good Time
Johnny Hates Jazz,Shattered Dreams
The Beach Boys,Do it Again
The Beastie Boys,Ch-Check it Out
Alveno Rey,Deep in the Heart of Texas
Faith No More,Easy
Ray Stevens,Everything is Beautiful
Sonny & Cher,Little Man
Missy 'Misdemeanor' Elliott,Lose Control
Dionne Farris,I Know
Mamie Smith,Crazy Blues
Aretha Franklin,Spanish Harlem
The Kinks,You Really Got Me
Frank Sinatra,All the Way
Mary J Blige & U2,One
Pinetop Smith,Pinetop's Boogie Woogie
Crispian St Peters,Pied Piper
Dave Brubeck,Take Five
T.I. & Justin Timberlake,Dead & Gone
Styx,Mr Roboto
The Sweet,Teenage Rampage
Sousa's Band,Stars & Stripes Forever
Johnnie Taylor,Disco Lady
Rihanna,S&M
Neil Diamond,Love On the Rocks
All Saints,Pure Shores
Beats International,Dub Be Good to Me
The Supremes,(You Keep Me) Hangin' On
T.I.,Whatever You Like
Radiohead,Creep
Marc Anthony,I Need to Know
Eric Burdon & War,Spill the Wine
Gabriella Cilmi,Sweet About Me
Mariah Carey,Love Takes Time
Miley Cyrus,Party In The U.s.a.
Erasure,Always
The Crystals,Da Doo Ron Ron (When He Walked Me Home)
Blur,Song 2
New Kids On The Block,Hangin' Tough
Sarah McLachlan,Angel
String-A-Longs,Wheels
La Roux,Bulletproof!
Bob Hope & Shirley Ross,Thanks For the Memory
Grover Washington Jr,Just the Two of Us
Gorillaz,Clint Eastwood
Aerosmith,Janie's Got a Gun
George Harrison,What is Life?
TLC,Red Light Special
Sammy Davis Jr,Candy Man
The Veronicas,Untouched
The Killers,Human
The Fray,You Found Me
Spice Girls,Mama
Gym Class Heroes,Cupid's chokehold (Breakfast in America)
Bruce Springsteen,I'm On Fire
Sting,All This Time
Bruce Springsteen,Human Touch
Barenaked Ladies,One Week
Eagles,Heartache Tonight
Joe Thomas & Mystikal,Stutter
Golden Earring,Radar Love
The Honeycombs,Have I the Right
Suzi Quatro,48 Crash
Robert John,Sad Eyes
The Marvelettes,Please Mr Postman
Helen Shapiro,Walkin' Back to Happiness
Aqua,Doctor Jones
Al Jolson,April Showers
Doris Day & Buddy Clark,Love Somebody
The Osmonds,One Bad Apple
Michael Jackson,Wanna Be Startin' Something
Glen Gray,My Heart Tells Me (Should I Believe My Heart)
U2,Electrical Storm
Jefferson Airplane,Somebody to Love
Kool & The Gang,Joanna
Bobby Vee,Take Good Care of My Baby
Frankie Laine,"Answer Me, Lord Above"
Nelly,Ride Wit Me
Ruby & The Romantics,Our Day Will Come
U2,Staring At the Sun
blink-182,All the Small Things
Boyz II Men,In The Still Of The Nite (I'll Remember)
Eric Clapton,Wonderful Tonight
Des'ree,You Gotta Be
Enya,May It Be
Shakin' Stevens,This Ole House
Yazoo,Don't Go
The Staple Singers,I'll Take You There
Busta Rhymes,"Turn It Up, Fire It Up"
Milli Vanilli,Baby Don't Forget My Number
Sting & Cheb Mami,Desert Rose
Crystal Gayle,Don't it Make My Brown Eyes Blue
The Monkees,Valleri
Sly & The Family Stone,Dance to the Music
Alexandra Stan,Mr Saxobeat
Fifth Dimension,Wedding Bell Blues
Ray Stevens,The Streak
The Beatles,Free As a Bird
Ultravox,Vienna
Glenn Frey,The Heat is On
The Clash,Rock the Casbah
Alien Ant Farm,Smooth Criminal
Black Box,Ride On Time
Guy Lombardo,It's Love-Love-Love
KC & The Sunshine Band,Keep it Comin' Love
REO Speedwagon,Can't Fight This Feeling
Sweetbox,Everything's Gonna Be Alright
The Four Tops,"I Can't Help Myself (Sugar Pie, Honey Bunch)"
The Andrews Sisters,Near You
Wings,Jet
The Yardbirds,For Your Love
Aventura,Obsession
Robbie Williams,Millennium
Peter & Gordon,Lady Godiva
Faith Hill,This Kiss
Vic Damone,On the Street Where You Live
Guns n' Roses,Welcome to the Jungle
Missy 'Misdemeanor' Elliott,Get UR Freak On
Robbie Williams,Trippin'
The Supremes,Come See About Me
T Rex,Hot Love
Lawrence Welk,Calcutta
Roy Orbison,Running Scared
Ike & Tina Turner,Nutbush City Limits
MC Hammer,Pray
Stardust,Music Sounds Better With You
Santo & Johnny,Sleep Walk
Fats Waller,Ain't Misbehavin'
Tina Charles,I Love to Love
Guy Mitchell,My Heart Cries For You
"Earth, Wind & Fire",Shining Star
Bryan Adams,The Only Thing That Looks Good On Me is You
Green Day,Basket Case
Oran 'Juice' Jones,The Rain
Busta Rhymes & Mariah Carey,I Know What You Want
Darude,Sandstorm
Fat Joe,What's Luv?
Billy Idol,Cradle of Love
Question Mark & The Mysterians,96 Tears
Barry Manilow,I Write the Songs
Faith No More,Epic
Gordon Lightfoot,Sundown
Kid Cudi & Crookers,Day 'n' Nite
Modern Talking,You're My Heart You're My Soul
Britney Spears,Stronger
Pink Floyd,Money
Michael Jackson,Smooth Criminal
Eddie Holman,(Hey There) Lonely Girl
Jay & the Americans,Cara Mia
Mel Blanc,I Taut I Taw A Puddy Tat
The Backstreet Boys,All I Have to Give
Stevie Wonder,Yester-Me Yester-You Yesterday
House of Pain,Jump Around
Doris Day,A Guy is a Guy
American Breed,Bend Me Shape Me
Art Lund,Mam'selle
Bucks Fizz,Making Your Mind Up
The Crystals,He's a Rebel
Nick Gilder,Hot Child In The City
Luniz,I Got 5 On It
Shelley Fabares,Johnny Angel
Bing Crosby,Moonlight Becomes You
Genesis,Invisible Touch
Connie Francis,My Happiness
Michael Bolton,Love is a Wonderful Thing
Eminem,Sing For the Moment
Depeche Mode,Strangelove
Juice Newton,Angel of the Morning
Ray Noble,Linda
Elton John,I Don't Wanna Go On With You Like That
Sheryl Crow,Soak Up the Sun
The Everly Brothers,('til) I Kissed You
Edgar Winter Group,Frankenstein
Petula Clark,My Love
Boyz II Men,4 Seasons of Loneliness
Michael Bolton,Said I Loved You But I Lied
The Who,Won't Get Fooled Again
David Bowie,Golden Years
Bing Crosby & Grace Kelly,True Love
Womack & Womack,Teardrops
Dionne Warwick,Walk On By
Billy Vaughn,Melody of Love
C&C Music Factory,Here We Go (Let's Rock & Roll)
MIA,Paper Planes
Paris Hilton,Stars Are Blind
Looking Glass,Brandy (You're A Fine Girl)
Stan Freberg,St George & the Dragonette
Kelly Clarkson,Breakaway
Phil Collins,Sussudio
Duran Duran,Union of the Snake
UB40 & Chrissie Hynde,I Got You Babe
Leapy Lee,Little Arrows
Grandmaster Flash & The Furious Five,The Message
Roy Orbison,In Dreams
Russ Morgan,Cruising Down the River
Dusty Springfield,Son of a Preacher Man
Shania Twain,I'm Gonna Getcha Good!
Arthur Godfrey,Too Fat Polka (I Don't Want Her-You Can Have Her-She's Too Fat For Me)
U2,"Stay (Faraway, So Close!)"
The Rolling Stones,Tumbling Dice
Bon Jovi,Bad Medicine
Passenger,Let Her Go
Betty Hutton,"Doctor, Lawyer, Indian Chief"
Dawn,Candida
Savage Garden,To the Moon & Back
The Beatles,Nowhere Man
Beyonce,Naughty Girl
Fastball,The Way
Alicia Keys,You Don't Know My Name
"Jay-Z, Rihanna & Kanye West",Run This Town
The Ink Spots,Whispering Grass (Don't Tell the Trees)
Depeche Mode,Precious
John Denver,Thank God I'm a Country Boy
John Lennon,Give Peace a Chance
Def Leppard,Love Bites
Marc Almond & Gene Pitney,Something's Gotten Hold of My Heart
Alphaville,Forever Young
Don McLean,Vincent (Starry Starry Night)
Cascada,Evacuate The Dancefloor
Westlife,Swear it Again
Madonna,Holiday
Perry Como & The Fontane Sisters,'A' You're Adorable (the Alphabet Song)
Kylie Minogue,2 Hearts
Destiny's Child,"Bills, Bills, Bills"
Salt-N-Pepa,Shoop
Gary Puckett & The Union Gap,Lady Willpower
New Order,Blue Monday
Jewel,Hands
Rocky Burnett,Tired of Toein' The Line
Rare Earth,Get Ready
Eagles,Best of My Love
Chingy,Right Thurr
Janet Jackson,When I Think of You
Marmalade,"Ob-La-Di, Ob-La-Da"
The Andrews Sisters,Shoo-Shoo Baby
Elvis Presley,I Got Stung
Lady GaGa,Lovegame
Nickelback,Photograph
Jay-Z,Hard Knock Life
The Doobie Brothers,Long Train Runnin'
Blue Diamonds,Ramona
Paul Whiteman,Three O'Clock in The Morning
Hank Williams,Lovesick Blues
Nat King Cole,Straighten Up & Fly Right
Status Quo,Down Down
Lolita,"Seemann, deine Heimat ist das Meer"
Elvis Presley,Don't
Lindsey Buckingham,TROUBLE
Kool & The Gang,Ladies Night
The Chemical Brothers,Galvanize
East 17,It's Alright
Buddy Holly,It Doesn't Matter Anymore
The Seekers,I'll Never Find Another You
Maurice Williams & The Zodiacs,Stay
Limp Bizkit,Take a Look Around
Fats Domino,Ain't That a Shame
U2,Walk On
Blue Swede,Hooked On a Feeling
Cassie,Me & U
Tom Jones & Mousse T,Sex Bomb
Marilyn McCoo & Billy Davis Jr,You Don't Have to Be a Star (To Be in My Show)
Diana Ross,Love Hangover
Gracie Fields,Now Is the Hour (Maori Farewell Song)
Clarence Carter,Patches
The Clash,Should I Stay Or Should I Go
Christina Milian,Dip it Low
The Newbeats,Bread & Butter
The Beach Boys,California Girls
Chubby Checker,Pony Time
Harry James & Dick Haymes,I'll Get By (As Long As I Have You)
U2,Sometimes You Can't Make it On Your Own
The Tymes,So Much in Love
Johnny Mathis & Deniece Williams,Too Much Too Little Too Late
Shakira,She Wolf
Robert Palmer,Simply Irresistible
John Cougar Mellencamp & Me'Shell Ndegeocello,One Wild Night
Dixie Cups,Chapel of Love
Freddy Fender,Before The Next Teardrop Falls
Greg Kihn Band,Jeopardy
Boyz II Men,Water Runs Dry
Fats Domino,I'm Walkin'
Al Jolson,Toot Toot Tootsie (Goodbye)
Jean-Claude Borelly,Dolannes-Melodie
10CC,The Things We Do For Love
Jim Lowe,Green Door
Sophie B Hawkins,"Damn, I Wish I Was Your Lover"
The Ames Brothers,Naughty Lady of Shady Lane
Shai,If I Ever Fall in Love
Roxette,How Do You Do!
T'Pau,China in Your Hand
The Searchers,Needles & Pins
Bon Jovi,Have a Nice Day
Cat Stevens,Morning Has Broken
The Jackson 5,The Love You Save
Blood Sweat & Tears,You've Made Me So Very Happy
Tom Jones,It's Not Unusual
The Beatles,From Me to You
Bing Crosby,"Rudolph, the Red-Nosed Reindeer"
Christophe,Aline
Elton John,I'm Still Standing
Roberta Flack & Donny Hathaway,The Closer I Get To You
Johnny Nash,Hold Me Tight
Cyndi Lauper,She Bop
Bronski Beat,Smalltown Boy
Smokey Robinson & The Miracles,Shop Around
Electric Light Orchestra,Telephone Line
Adele,Set Fire To The Rain
The Thompson Twins,Hold Me Now
Johnny Cash,A Boy Named Sue
The Beatles,All My Loving
Aaliyah,Back & Forth
The Moody Blues,Question
Pink,Raise Your Glass
Jona Lewie,Stop the Cavalry
